Name,Power,Hash,Id,Tag,Tier,Type,Source,Category,Element,Power Limit,Masterwork Type,Masterwork Tier,Owner,Locked,Equipped,Year,Season,Event,Recoil,AA,Impact,Range,Blast Radius,Velocity,Stability,ROF,Reload,Mag,Equip,Charge Time,Draw Time,Accuracy,Notes,Perks 0,Perks 1,Perks 2,Perks 3,Perks 4,Perks 5,Perks 6,Perks 7,Perks 8,Perks 9,Perks 10,Perks 11,Perks 12
BrayTech Werewolf,1309,528834068,"""6917529513940892703""",,Legendary,Auto Rifle,events,KineticSlot,Kinetic,,Reload Speed,5,Vault,FALSE,FALSE,3,11,Festival of the Lost,84,47,29,81,0,0,47,450,52,38,36,0,0,0,,Precision Frame*,Extended Barrel*,Fluted Barrel,Appended Mag*,Flared Magwell,Dynamic Sway Reduction*,Unrelenting*,Tier 5 Weapon*,Tracker Disabled*,Kill Tracker,Crucible Tracker,,
BrayTech Werewolf,1316,528834068,"""6917529519977419060""",,Legendary,Auto Rifle,events,KineticSlot,Kinetic,,Handling,2,Vault,FALSE,FALSE,3,11,Festival of the Lost,100,47,29,72,0,0,47,450,30,40,56,0,0,0,,Precision Frame*,Arrowhead Brake*,Corkscrew Rifling,Extended Mag*,Appended Mag,Dynamic Sway Reduction*,Elemental Capacitor*,Tier 2 Weapon*,Tracker Disabled*,Kill Tracker,Crucible Tracker,,
BrayTech Werewolf,1313,528834068,"""6917529517944117188""",,Legendary,Auto Rifle,events,KineticSlot,Kinetic,,Stability,1,Vault,FALSE,FALSE,3,11,Festival of the Lost,100,47,29,72,0,0,48,450,48,34,54,0,0,0,,Precision Frame*,Arrowhead Brake*,Extended Barrel,Alloy Magazine*,Armor-Piercing Rounds,Under Pressure*,Eye of the Storm*,Tier 1 Weapon*,Tracker Disabled*,Kill Tracker,Crucible Tracker,,
Chrysura Melo,1302,1337707096,"""6917529511486564690""",,Legendary,Auto Rifle,seasonpass,Energy,Solar,,Stability,5,Hunter(1331),FALSE,FALSE,4,15,,100,58,33,76,0,0,31,360,46,34,46,0,0,0,,High-Impact Frame*,Arrowhead Brake*,Tactical Mag*,Ensemble*,Wellspring*,Tier 5 Weapon*,Tracker Disabled*,Kill Tracker,Crucible Tracker,,,,
Chrysura Melo,1320,1337707096,"""6917529542738715636""",,Legendary,Auto Rifle,seasonpass,Energy,Solar,,Range,4,Titan(1324),FALSE,TRUE,4,15,,86,58,33,97,0,0,22,360,37,32,37,0,0,0,,High-Impact Frame*,Hammer-Forged Rifling*,Smallbore,Accurized Rounds*,Flared Magwell,Encore*,Harmony*,Tier 4 Weapon*,Tracker Disabled*,Kill Tracker,Crucible Tracker,,
Chrysura Melo,1310,1337707096,"""6917529547758014717""",,Legendary,Auto Rifle,seasonpass,Energy,Solar,,Handling,5,Vault,FALSE,FALSE,4,15,,86,58,33,80,0,0,31,360,46,34,46,0,0,0,,High-Impact Frame*,Corkscrew Rifling*,Polygonal Rifling,Tactical Mag*,Alloy Magazine,Dynamic Sway Reduction*,Dragonfly*,Tier 5 Weapon*,Tracker Disabled*,Kill Tracker,Crucible Tracker,,
Chrysura Melo,1278,1337707096,"""6917529538969842643""",,Legendary,Auto Rifle,seasonpass,Energy,Solar,,Reload Speed,3,Vault,FALSE,FALSE,4,15,,86,58,33,85,0,0,22,360,40,36,37,0,0,0,,High-Impact Frame*,Extended Barrel,Hammer-Forged Rifling*,Appended Mag*,Steady Rounds,Heating Up*,Demolitionist*,Tier 3 Weapon*,Tracker Disabled*,Kill Tracker,Crucible Tracker,,
False Promises,1278,3143732432,"""6917529441638901657""",favorite,Legendary,Auto Rifle,contact,KineticSlot,Kinetic,,Reload Speed,4,Vault,FALSE,FALSE,3,11,,100,52,33,79,0,0,25,360,57,32,50,0,0,0,,High-Impact Frame*,Arrowhead Brake*,Extended Barrel,Ricochet Rounds,Light Mag*,Overflow*,Swashbuckler*,Midnight Talons*,Tier 4 Weapon*,Tracker Disabled*,Kill Tracker,Crucible Tracker,
Gnawing Hunger,1167,821154603,"""6917529435256972326""",,Legendary,Auto Rifle,gambitprime,Energy,Void,,Stability,2,Vault,FALSE,FALSE,3,11,,54,65,21,60,0,0,61,600,70,46,67,0,0,0,,Adaptive Frame*,Extended Barrel,Smallbore*,Tactical Mag*,Flared Magwell,Zen Moment*,Demolitionist*,Tier 2 Weapon*,Tracker Disabled*,Kill Tracker,Crucible Tracker,,
Hard Light,1270,4124984448,"""6917529459705950082""",,Exotic,Auto Rifle,,Energy,Void,,,10,Hunter(1331),FALSE,FALSE,1,1,,100,100,21,46,0,0,82,600,68,49,79,0,0,0,,Volatile Light*,Polygonal Rifling*,Alloy Magazine*,The Fundamentals*,Composite Stock*,Hard Light Catalyst*,,,,,,,
Horror Story,1312,3829285960,"""6917529517944116328""",,Legendary,Auto Rifle,events,KineticSlot,Kinetic,,Handling,1,Vault,FALSE,FALSE,3,11,Festival of the Lost,73,35,29,67,0,0,50,450,56,34,42,0,0,0,,Precision Frame*,Rifle Scope SSF*,Cleanshot IS,Tactical Mag*,Flared Magwell,Grave Robber*,Snapshot Sights*,Distant Earth*,Tier 1 Weapon*,Tracker Disabled*,Kill Tracker,Crucible Tracker,
Horror Story,1315,3829285960,"""6917529519983785092""",,Legendary,Auto Rifle,events,KineticSlot,Kinetic,,Range,2,Vault,FALSE,FALSE,3,11,Festival of the Lost,73,35,29,83,0,0,46,450,47,32,33,0,0,0,,Precision Frame*,Rifle Scope ST*,Cleanshot IS,Accurized Rounds*,Flared Magwell,Subsistence*,Snapshot Sights*,Distant Earth*,Tier 2 Weapon*,Tracker Disabled*,Kill Tracker,Crucible Tracker,
Horror Story,1316,3829285960,"""6917529519983792017""",,Legendary,Auto Rifle,events,KineticSlot,Kinetic,,Range,1,Vault,FALSE,FALSE,3,11,Festival of the Lost,73,35,29,60,0,0,60,450,47,32,57,0,0,0,,Precision Frame*,Hitmark IS*,Red Dot Micro,Steady Rounds*,Flared Magwell,Killing Wind*,Moving Target*,Glacial Whisper*,Tier 1 Weapon*,Tracker Disabled*,Kill Tracker,Crucible Tracker,
Khvostov 7G-02,1278,1619016919,"""6917529481437161222""",,Common,Auto Rifle,campaign,KineticSlot,Kinetic,,,,Vault,FALSE,FALSE,3,8,,70,48,21,21,0,0,37,600,57,40,39,0,0,0,,Adaptive Frame*,,,,,,,,,,,,
Khvostov 7G-02,1316,1619016919,"""6917529551961902561""",,Common,Auto Rifle,campaign,KineticSlot,Kinetic,,,,Vault,FALSE,FALSE,3,8,,70,48,21,21,0,0,37,600,57,40,39,0,0,0,,Adaptive Frame*,,,,,,,,,,,,
Refrain-23,1319,2351747817,"""6917529534403586713""",,Rare,Auto Rifle,campaign,Energy,Solar,,,,Vault,FALSE,FALSE,2,4,,73,62,21,49,0,0,51,600,37,47,68,0,0,0,,Adaptive Frame*,SLO-12 Post*,SPO-57 Front,Ricochet Rounds*,Rampage*,,,,,,,,
Refrain-23,1317,2351747817,"""6917529534469225042""",,Rare,Auto Rifle,campaign,Energy,Solar,,,,Vault,FALSE,FALSE,2,4,,73,62,21,49,0,0,51,600,37,47,68,0,0,0,,Adaptive Frame*,SLO-12 Post*,SPO-57 Front,Ricochet Rounds*,Rampage*,,,,,,,,
Ros Lysis II,1316,2351747819,"""6917529551884300916""",,Rare,Auto Rifle,campaign,KineticSlot,Kinetic,,,,Vault,FALSE,FALSE,2,4,,47,70,21,57,0,0,45,600,68,43,66,0,0,0,,Adaptive Frame*,Red Dot-OAS*,Quickdraw IS,Flared Magwell*,Dynamic Sway Reduction*,,,,,,,,
Ros Lysis II,1317,2351747819,"""6917529552188491535""",,Rare,Auto Rifle,campaign,KineticSlot,Kinetic,,,,Vault,FALSE,FALSE,2,4,,47,70,21,57,0,0,45,600,68,43,66,0,0,0,,Adaptive Frame*,Red Dot-OAS*,Quickdraw IS,Flared Magwell*,Dynamic Sway Reduction*,,,,,,,,
Sand Wasp-3au,1317,2351747818,"""6917529519987595929""",,Rare,Auto Rifle,campaign,Energy,Arc,,,,Vault,FALSE,FALSE,2,4,,81,70,18,40,0,0,53,720,50,48,55,0,0,0,,Rapid-Fire Frame*,Arrowhead Brake*,Polygonal Rifling,High-Caliber Rounds*,Dynamic Sway Reduction*,,,,,,,,
Scathelocke,1320,602618796,"""6917529537588688671""",,Legendary,Auto Rifle,legendaryengram,KineticSlot,Kinetic,,Handling,2,Titan(1324),FALSE,TRUE,4,15,,90,65,21,50,0,0,45,600,41,50,77,0,0,0,,Adaptive Frame*,Arrowhead Brake*,Corkscrew Rifling,Extended Mag*,Flared Magwell,Subsistence*,Multikill Clip*,Tier 2 Weapon*,Tracker Disabled*,Kill Tracker,Crucible Tracker,,
Scathelocke,1309,602618796,"""6917529511581944812""",,Legendary,Auto Rifle,legendaryengram,KineticSlot,Kinetic,,Range,3,Vault,FALSE,FALSE,4,15,,90,65,21,48,0,0,59,600,59,42,75,0,0,0,,Adaptive Frame*,Arrowhead Brake*,Chambered Compensator,Extended Mag,Steady Rounds*,Heating Up*,Osmosis*,Tier 3 Weapon*,Tracker Disabled*,Kill Tracker,Crucible Tracker,,
Scathelocke,1289,602618796,"""6917529545600122621""",,Legendary,Auto Rifle,legendaryengram,KineticSlot,Kinetic,,Range,4,Vault,FALSE,FALSE,4,15,,60,65,21,62,0,0,50,600,59,42,79,0,0,0,,Adaptive Frame*,Fluted Barrel*,Full Bore,Accurized Rounds*,Appended Mag,Surplus*,Multikill Clip*,Tier 4 Weapon*,Tracker Disabled*,Kill Tracker,Crucible Tracker,,
Scathelocke,1318,602618796,"""6917529538354416129""",,Legendary,Auto Rifle,legendaryengram,KineticSlot,Kinetic,,Reload Speed,4,Vault,FALSE,FALSE,4,15,,60,65,21,59,0,0,45,600,62,50,66,0,0,0,,Adaptive Frame*,Hammer-Forged Rifling*,Polygonal Rifling,Extended Mag*,Alloy Magazine,Surplus*,Sympathetic Arsenal*,Rustberry*,Tier 4 Weapon*,Tracker Disabled*,Kill Tracker,Crucible Tracker,
Seventh Seraph Carbine,1312,1561006927,"""6917529480826279872""",favorite,Legendary,Auto Rifle,rasputin,KineticSlot,Kinetic,,Range,6,Hunter(1331),FALSE,FALSE,3,10,,74,34,29,68,0,0,54,450,60,34,59,0,0,0,,Precision Frame*,Chambered Compensator,Fluted Barrel*,High-Caliber Rounds,Flared Magwell*,Hip-Fire Grip*,Rangefinder*,Bloody Tooth*,Tier 6 Weapon*,Tracker Disabled*,Kill Tracker,Crucible Tracker,
Sorrow's Verse,1320,2496875173,"""6917529538271545991""",,Legendary,Auto Rifle,crucible,Energy,Arc,,Reload Speed,1,Warlock(1321),FALSE,TRUE,4,15,,63,68,21,59,0,0,41,600,63,46,59,0,0,0,,Adaptive Frame*,Extended Barrel*,Smallbore,Appended Mag*,Extended Mag,Feeding Frenzy*,Demolitionist*,Tier 1 Weapon*,Tracker Disabled*,Kill Tracker,Crucible Tracker,,
Sorrow's Verse,1310,2496875173,"""6917529517791230989""",,Legendary,Auto Rifle,crucible,Energy,Arc,,Range,5,Vault,FALSE,FALSE,4,15,,53,68,21,68,0,0,32,600,62,46,63,0,0,0,,Adaptive Frame*,Full Bore*,Hammer-Forged Rifling,Appended Mag*,Alloy Magazine,Dynamic Sway Reduction*,Thresh*,Tier 5 Weapon*,Tracker Disabled*,Kill Tracker,Crucible Tracker,,
Sorrow's Verse,1314,2496875173,"""6917529519910114395""",,Legendary,Auto Rifle,crucible,Energy,Arc,,Handling,1,Vault,FALSE,FALSE,4,15,,53,68,21,72,0,0,32,600,62,41,64,0,0,0,,Adaptive Frame*,Full Bore*,Polygonal Rifling,Accurized Rounds*,Flared Magwell,Killing Wind*,Harmony*,Tier 1 Weapon*,Tracker Disabled*,Kill Tracker,Crucible Tracker,,
Sorrow's Verse,1268,2496875173,"""6917529538956549763""",,Legendary,Auto Rifle,crucible,Energy,Arc,,Range,2,Vault,FALSE,FALSE,4,15,,53,68,21,56,0,0,45,600,62,46,72,0,0,0,,Adaptive Frame*,Corkscrew Rifling*,Full Bore,Appended Mag*,Flared Magwell,Killing Wind*,Snapshot Sights*,Tier 2 Weapon*,Tracker Disabled*,Kill Tracker,Crucible Tracker,,
Sorrow's Verse,1312,2496875173,"""6917529519885238552""",,Legendary,Auto Rifle,crucible,Energy,Arc,,Range,3,Vault,FALSE,FALSE,4,15,,53,68,21,57,0,0,45,600,62,46,72,0,0,0,,Adaptive Frame*,Corkscrew Rifling*,Hammer-Forged Rifling,Appended Mag*,Extended Mag,Zen Moment*,Wellspring*,Tier 3 Weapon*,Tracker Disabled*,Kill Tracker,Crucible Tracker,,
Sorrow's Verse,1318,2496875173,"""6917529538552615302""",,Legendary,Auto Rifle,crucible,Energy,Arc,,Range,3,Vault,FALSE,FALSE,4,15,,53,68,21,66,0,0,36,600,71,43,63,0,0,0,,Adaptive Frame*,Full Bore*,Hammer-Forged Rifling,Tactical Mag*,Alloy Magazine,Encore*,Wellspring*,Tier 3 Weapon*,Tracker Disabled*,Kill Tracker,Crucible Tracker,,
Sorrow's Verse,1301,2496875173,"""6917529511426180597""",,Legendary,Auto Rifle,crucible,Energy,Arc,,Reload Speed,2,Vault,FALSE,FALSE,4,15,,83,68,21,50,0,0,41,600,46,49,77,0,0,0,,Adaptive Frame*,Arrowhead Brake*,Full Bore,Extended Mag*,Steady Rounds,Killing Wind*,Wellspring*,Tier 2 Weapon*,Tracker Disabled*,Kill Tracker,Crucible Tracker,,
Sorrow's Verse,1300,2496875173,"""6917529511407858946""",,Legendary,Auto Rifle,crucible,Energy,Arc,,Range,1,Vault,FALSE,FALSE,4,15,,53,68,21,55,0,0,45,600,62,46,72,0,0,0,,Adaptive Frame*,Corkscrew Rifling*,Extended Barrel,Appended Mag*,Extended Mag,Fourth Time's the Charm*,Multikill Clip*,Tier 1 Weapon*,Tracker Disabled*,Kill Tracker,Crucible Tracker,,
SUROS Regime,1316,2856683562,"""6917529528843517297""",,Exotic,Auto Rifle,,KineticSlot,Kinetic,,,10,Vault,FALSE,FALSE,1,3,,50,68,21,60,0,0,62,600,76,27,68,0,0,0,,SUROS Legacy*,Hammer-Forged Rifling*,Tactical Mag*,Spinning Up*,Dual Speed Receiver,Hand-Laid Stock*,SUROS Regime Catalyst*,,,,,,
The Number,1273,2492081469,"""6917529463038431851""",junk,Legendary,Auto Rifle,legendaryengram,Energy,Arc,,Stability,1,Vault,FALSE,FALSE,4,14,,70,44,29,55,0,0,51,450,42,33,56,0,0,0,,Precision Frame*,Fluted Barrel*,Full Bore,Alloy Magazine*,High-Caliber Rounds,Killing Wind*,Multikill Clip*,Tier 1 Weapon*,Tracker Disabled*,Kill Tracker,Crucible Tracker,,
The Number,1281,2492081469,"""6917529479152515439""",,Legendary,Auto Rifle,legendaryengram,Energy,Arc,,Range,1,Vault,FALSE,FALSE,4,14,,80,44,29,69,0,0,46,450,51,33,33,0,0,0,,Precision Frame*,Extended Barrel*,Hammer-Forged Rifling,Armor-Piercing Rounds,Light Mag*,Under Pressure*,One for All*,Golden Trace*,Tier 1 Weapon*,Tracker Disabled*,Kill Tracker,Crucible Tracker,
No Turning Back,1100,720351794,"""6917529534619694346""",,Legendary,Combat Bow,tangled,KineticSlot,Kinetic,1060,"Draw Time, Charge Time",1,Vault,FALSE,FALSE,2,4,,72,66,76,0,0,0,44,0,46,0,59,0,716,99,,Precision Frame*,High Tension String*,Fiberglass Arrow Shaft*,Explosive Head*,Snapshot Sights,Hip-Fire Grip*,Bold Statement*,Tier 1 Weapon*,Tracker Disabled*,Kill Tracker,Crucible Tracker,,
No Turning Back,1100,720351794,"""6917529535267877647""",,Legendary,Combat Bow,tangled,KineticSlot,Kinetic,1060,Handling,3,Vault,FALSE,FALSE,2,4,,72,66,76,0,0,0,44,0,46,0,61,0,720,99,,Precision Frame*,High Tension String*,Fiberglass Arrow Shaft*,Explosive Head*,Snapshot Sights,Hip-Fire Grip*,Distant Earth*,Tier 3 Weapon*,Tracker Disabled*,Kill Tracker,Crucible Tracker,,
Trinity Ghoul,1321,814876685,"""6917529533938582994""",,Exotic,Combat Bow,,Energy,Arc,,,,Hunter(1331),FALSE,FALSE,2,4,,77,74,80,0,0,0,50,0,64,0,67,0,756,96,,Split Electron*,High Tension String*,Compact Arrow Shaft*,Lightning Rod*,Tracker Disabled*,Kill Tracker,Crucible Tracker,Empty Catalyst Socket*,,,,,
Whispering Slab,1269,211938782,"""6917529407294679710""",favorite,Legendary,Combat Bow,contact,KineticSlot,Kinetic,,Stability,5,Vault,FALSE,FALSE,3,11,,55,75,68,0,0,0,71,0,73,0,78,0,612,49,,Lightweight Frame*,Tactile String*,Natural String,Compact Arrow Shaft*,Straight Fletching,Firmly Planted*,Opening Shot*,Desert of Gold*,Tier 5 Weapon*,Tracker Disabled*,Kill Tracker,Crucible Tracker,
Wolftone Draw,1311,3472875143,"""6917529517863448648""",,Legendary,Combat Bow,,Energy,Arc,,"Draw Time, Charge Time",2,Hunter(1331),FALSE,TRUE,4,15,,73,68,76,0,0,0,43,0,55,0,82,0,677,78,,Precision Frame*,Agile Bowstring*,Tactile String,Compact Arrow Shaft*,Straight Fletching,Ensemble*,Demolitionist*,Tier 2 Weapon*,Tracker Disabled*,Kill Tracker,Crucible Tracker,,
Cartesian Coordinate,1320,2481881293,"""6917529545630900094""",,Legendary,Fusion Rifle,legendaryengram,Energy,Solar,,Range,1,Vault,FALSE,FALSE,4,13,,52,60,55,34,0,0,42,0,51,7,64,460,0,0,,Rapid-Fire Frame*,Cleanshot IS*,Red Dot Micro,Particle Repeater*,Projection Fuse,Lead from Gold*,Vorpal Weapon*,Tier 1 Weapon*,Tracker Disabled*,Kill Tracker,Crucible Tracker,,
Cartesian Coordinate,1308,2481881293,"""6917529513732941480""",,Legendary,Fusion Rifle,legendaryengram,Energy,Solar,,Range,3,Vault,FALSE,FALSE,4,13,,52,60,55,36,0,0,42,0,51,7,64,460,0,0,,Rapid-Fire Frame*,Cleanshot IS*,Hitmark IS,Particle Repeater*,Projection Fuse,Slideways*,Backup Plan*,Tier 3 Weapon*,Tracker Disabled*,Kill Tracker,Crucible Tracker,,
Cartesian Coordinate,1317,2481881293,"""6917529534690977193""",,Legendary,Fusion Rifle,legendaryengram,Energy,Solar,,Handling,1,Vault,FALSE,FALSE,4,13,,52,60,55,33,0,0,33,0,51,8,65,460,0,0,,Rapid-Fire Frame*,Cleanshot IS*,Red Dot 2 MOA,Enhanced Battery*,Liquid Coils,Hip-Fire Grip*,Snapshot Sights*,Tier 1 Weapon*,Tracker Disabled*,Kill Tracker,Crucible Tracker,,
Main Ingredient,1317,253196586,"""6917529552272349290""",,Legendary,Fusion Rifle,strikes,Energy,Arc,,Stability,2,Vault,FALSE,FALSE,3,11,,73,59,80,65,0,0,56,0,32,6,51,740,0,0,,Precision Frame*,Hitmark IS*,Red Dot 2 MOA,Red Dot Micro,Enhanced Battery*,Liquid Coils,Moving Target*,Quickdraw*,Vanguard Metallic*,Tier 2 Weapon*,Tracker Disabled*,Kill Tracker,Crucible Tracker
Merciless,1271,4190156464,"""6917529479083366655""",,Exotic,Fusion Rifle,,Energy,Solar,,,10,Vault,FALSE,FALSE,1,1,,94,69,75,45,0,0,57,0,31,8,38,1040,0,0,,Conserve Momentum*,Chambered Compensator*,Extended Mag*,Impetus*,Fitted Stock*,Merciless Catalyst*,,,,,,,
Nox Cordis II,1318,3441197112,"""6917529535350999936""",,Rare,Fusion Rifle,campaign,Energy,Arc,,,,Vault,FALSE,FALSE,2,4,,46,29,60,26,0,0,32,0,48,7,64,460,0,0,,Rapid-Fire Frame*,Quickdraw IS*,TrueSight IS,Liquid Coils*,Rampage*,,,,,,,,
Nox Lumen II,1319,3441197113,"""6917529535350999937""",,Rare,Fusion Rifle,campaign,Energy,Void,,,,Vault,FALSE,FALSE,2,4,,67,55,90,52,0,0,28,0,24,5,34,1000,0,0,,High-Impact Frame*,Fastdraw IS*,Quickdraw IS,Accelerated Coils*,Hip-Fire Grip*,,,,,,,,
Nox Lumen II,1318,3441197113,"""6917529535296873851""",,Rare,Fusion Rifle,campaign,Energy,Void,,,,Vault,FALSE,FALSE,2,4,,67,55,90,52,0,0,28,0,24,5,34,1000,0,0,,High-Impact Frame*,Fastdraw IS*,Quickdraw IS,Accelerated Coils*,Hip-Fire Grip*,,,,,,,,
Null Composure,1295,1644680957,"""6917529499722365957""",,Legendary,Fusion Rifle,banshee,Energy,Void,,Range,10,Vault,FALSE,FALSE,4,14,,55,38,55,54,0,0,46,0,53,8,74,460,0,0,,Rapid-Fire Frame*,Fluted Barrel*,Projection Fuse*,Feeding Frenzy*,Heating Up,Reservoir Burst*,High-Impact Reserves,Masterwork*,Tracker Disabled,Kill Tracker,Crucible Tracker*,,
Telesto,1288,2208405142,"""6917529498276830314""",,Exotic,Fusion Rifle,,Energy,Void,,,10,Vault,FALSE,FALSE,1,2,,66,46,85,42,0,0,81,0,82,4,66,780,0,0,,Unplanned Reprieve*,Projection Fuse*,Harbinger's Pulse*,Polymer Grip*,Telesto Catalyst*,,,,,,,,
Berenger's Memory,1293,407621213,"""6917529517870985979""",,Legendary,Grenade Launcher,contact,Power,Void,,Blast Radius,4,Vault,FALSE,FALSE,3,11,,70,30,0,0,22,44,54,150,29,5,24,0,0,0,,Rapid-Fire Frame*,Confined Launch*,Linear Compensator,Spike Grenades*,High-Explosive Ordnance,Field Prep*,Shield Disorient*,Tier 4 Weapon*,Tracker Disabled*,Kill Tracker,Crucible Tracker,,
Empty Vessel,1303,4255586669,"""6917529511578059584""",,Legendary,Grenade Launcher,strikes,Energy,Solar,,Velocity,2,Vault,FALSE,FALSE,4,14,,76,73,0,0,55,77,45,90,78,1,68,0,0,0,,Lightweight Frame*,Confined Launch*,Countermass,Proximity Grenades,High-Velocity Rounds*,Threat Detector*,Thresh*,Petiolora Growth*,Tier 2 Weapon*,Tracker Disabled*,Kill Tracker,Crucible Tracker,
Fighting Lion,1316,3549153978,"""6917529533506661489""",,Exotic,Grenade Launcher,,Energy,Void,,Reload Speed,10,Vault,FALSE,FALSE,1,1,,90,80,0,0,50,55,78,90,37,1,100,0,0,0,,Delayed Gratification*,Countermass*,Implosion Rounds*,Thin the Herd*,Short-Action Stock*,Fighting Lion Catalyst*,,,,,,,
Flash and Thunder,1100,1983332560,"""6917529538585190088""",,Legendary,Grenade Launcher,edz,Energy,Arc,1060,Stability,5,Vault,FALSE,FALSE,1,1,,60,75,0,0,5,82,45,90,71,1,68,0,0,0,,Lightweight Frame*,Linear Compensator*,Quick Launch,Hard Launch,Blinding Grenades*,Concussion Grenades,Field Prep*,Arc Damage Mod*,Masterwork Weapon*,,,,
Harsh Language,1301,2936850733,"""6917529511436134663""",,Rare,Grenade Launcher,,Energy,Arc,,,,Vault,FALSE,FALSE,1,1,,60,75,0,0,5,82,41,90,71,1,68,0,0,0,,Lightweight Frame*,Linear Compensator*,Quick Launch,Hard Launch,Blinding Grenades*,Concussion Grenades,Field Prep*,Arc Damage Mod*,Dead Zone Foliage (Worn)*,,,,
 ,1320,3165547384,"""6917529534687641277""",,Legendary,Grenade Launcher,legendaryengram,Power,Void,,Velocity,3,Warlock(1321),FALSE,TRUE,4,14,,71,58,0,0,28,51,35,120,30,7,48,0,0,0,,Adaptive Frame*,Hard Launch*,Linear Compensator,Augmented Drum*,High-Explosive Ordnance,Surplus*,Danger Zone*,Tier 3 Weapon*,Tracker Disabled*,Kill Tracker,Crucible Tracker,,
Memory Interdict,1316,3165547384,"""6917529534679493748""",,Legendary,Grenade Launcher,legendaryengram,Power,Void,,Reload Speed,1,Titan(1324),FALSE,FALSE,4,14,,71,58,0,0,38,31,35,120,76,5,43,0,0,0,,Adaptive Frame*,Volatile Launch*,Countermass,Alloy Casing*,High-Explosive Ordnance,Impulse Amplifier*,Wellspring*,Tier 1 Weapon*,Tracker Disabled*,Kill Tracker,Crucible Tracker,,
Memory Interdict,1319,3165547384,"""6917529535331384837""",,Legendary,Grenade Launcher,legendaryengram,Power,Void,,Handling,2,Vault,FALSE,FALSE,4,14,,71,58,0,0,35,26,49,120,75,5,50,0,0,0,,Adaptive Frame*,Confined Launch*,Quick Launch,Alloy Casing*,High-Velocity Rounds,Underdog*,Danger Zone*,Tier 2 Weapon*,Tracker Disabled*,Kill Tracker,Crucible Tracker,,
Memory Interdict,1298,3165547384,"""6917529507193849937""",,Legendary,Grenade Launcher,legendaryengram,Power,Void,,Reload Speed,1,Vault,FALSE,FALSE,4,14,,100,58,0,0,30,35,62,120,49,5,57,0,0,0,,Adaptive Frame*,Countermass*,Linear Compensator,Spike Grenades*,Mini Frags,Clown Cartridge*,Disruption Break*,Tier 1 Weapon*,Tracker Disabled*,Kill Tracker,Crucible Tracker,,
Memory Interdict,1285,3165547384,"""6917529511581948170""",,Legendary,Grenade Launcher,legendaryengram,Power,Void,,Reload Speed,1,Vault,FALSE,FALSE,4,14,,71,58,0,0,18,49,35,120,49,5,48,0,0,0,,Adaptive Frame*,Hard Launch*,Smart Drift Control,Proximity Grenades*,Augmented Drum,Impulse Amplifier*,Chain Reaction*,Tier 1 Weapon*,Tracker Disabled*,Kill Tracker,Crucible Tracker,,
Pardon Our Dust,1317,3849810018,"""6917529552515964201""",,Legendary,Grenade Launcher,30th,KineticSlot,Kinetic,,Blast Radius,1,Vault,FALSE,FALSE,4,15,,100,75,0,0,55,85,44,90,81,1,80,0,0,0,,Lightweight Frame*,Countermass*,Smart Drift Control,High-Velocity Rounds*,Concussion Grenades,Ambitious Assassin*,Danger Zone*,Tier 1 Weapon*,Tracker Disabled*,Kill Tracker,Crucible Tracker,,
Pardon Our Dust,1300,3849810018,"""6917529552195424416""",,Legendary,Grenade Launcher,30th,KineticSlot,Kinetic,,Handling,3,Vault,FALSE,FALSE,4,15,,77,75,0,0,5,67,49,90,72,1,74,0,0,0,,Lightweight Frame*,Confined Launch*,Countermass,Blinding Grenades*,Implosion Rounds,Killing Wind*,Danger Zone*,Tier 3 Weapon*,Tracker Disabled*,Kill Tracker,Crucible Tracker,,
Pardon Our Dust,1300,3849810018,"""6917529552515971868""",,Legendary,Grenade Launcher,30th,KineticSlot,Kinetic,,Handling,3,Vault,FALSE,FALSE,4,15,,77,75,0,0,48,80,40,90,72,1,74,0,0,0,,Lightweight Frame*,Linear Compensator*,Smart Drift Control,Proximity Grenades*,Concussion Grenades,Perpetual Motion*,Demolitionist*,Tier 3 Weapon*,Tracker Disabled*,Kill Tracker,Crucible Tracker,,
Stampede Mk.32,1318,3493948734,"""6917529552431518223""",,Rare,Grenade Launcher,campaign,Power,Void,,,,Vault,FALSE,FALSE,2,4,,51,25,0,0,20,42,40,150,28,4,24,0,0,0,,Rapid-Fire Frame*,Confined Launch*,Quick Launch,Sticky Grenades*,Quickdraw*,,,,,,,,
Terran Wind,1100,301362380,"""6917529534662337831""",,Legendary,Grenade Launcher,tangled,Power,Solar,1060,Blast Radius,2,Vault,FALSE,FALSE,2,4,,100,30,0,0,26,50,42,150,32,3,42,0,0,0,,Rapid-Fire Frame*,Countermass*,Remote Detonation*,Augmented Drum,Quickdraw*,Rampage*,Glacial Whisper*,Tier 2 Weapon*,Tracker Disabled*,Kill Tracker,Crucible Tracker,,
Terran Wind,1100,301362380,"""6917529535325281568""",,Legendary,Grenade Launcher,tangled,Power,Solar,1060,Handling,1,Vault,FALSE,FALSE,2,4,,100,30,0,0,25,50,42,150,32,3,43,0,0,0,,Rapid-Fire Frame*,Countermass*,Remote Detonation*,Augmented Drum,Quickdraw*,Rampage*,Glacial Whisper*,Tier 1 Weapon*,Tracker Disabled*,Kill Tracker,Crucible Tracker,,
The Prospector,1320,3549153979,"""6917529537588691965""",,Exotic,Grenade Launcher,,Power,Arc,,,10,Vault,FALSE,FALSE,1,1,,75,60,0,0,18,60,50,165,14,8,50,0,0,0,,Excavation*,Volatile Launch*,Augmented Drum*,Full Auto Trigger System*,Hand-Laid Stock*,Prospector Catalyst*,,,,,,,
Witherhoard,1290,2357297366,"""6917529498954198151""",keep,Exotic,Grenade Launcher,seasonpass,KineticSlot,Kinetic,,,,Vault,FALSE,FALSE,3,11,,100,84,0,0,8,21,71,90,40,6,67,0,0,0,,Primeval's Torment*,Countermass*,Black Powder*,Break the Bank*,Composite Stock*,Tracker Disabled*,Kill Tracker,Crucible Tracker,Empty Catalyst Socket*,,,,
Ace of Spades,1319,347366834,"""6917529533946089924""",,Exotic,Hand Cannon,,KineticSlot,Kinetic,,,,Vault,FALSE,FALSE,2,4,,100,70,84,86,0,0,55,140,48,13,55,0,0,0,,Memento Mori*,Corkscrew Rifling*,High-Caliber Rounds*,Firefly*,Smooth Grip*,Tracker Disabled*,Kill Tracker,Crucible Tracker,Empty Catalyst Socket*,,,,
Allegro-34,1317,2591586260,"""6917529534406464988""",,Rare,Hand Cannon,campaign,Energy,Solar,,,,Vault,FALSE,FALSE,2,4,,86,70,84,45,0,0,69,140,42,9,59,0,0,0,,Adaptive Frame*,SteadyHand HCS*,TrueSight HCS,Ricochet Rounds*,Opening Shot*,,,,,,,,
Annual Skate,1309,6857689,"""6917529513950960579""",,Legendary,Hand Cannon,legendaryengram,Energy,Solar,,Range,5,Vault,FALSE,FALSE,4,15,,88,80,84,50,0,0,59,140,26,13,66,0,0,0,,Adaptive Frame*,Fastdraw HCS*,Crossfire HCS,Extended Mag*,Flared Magwell,Surplus*,Wellspring*,Tier 5 Weapon*,Tracker Disabled*,Kill Tracker,Crucible Tracker,,
Annual Skate,1317,6857689,"""6917529534413964874""",,Legendary,Hand Cannon,legendaryengram,Energy,Solar,,Handling,5,Vault,FALSE,FALSE,4,15,,88,80,84,52,0,0,50,140,26,13,52,0,0,0,,Adaptive Frame*,Crossfire HCS*,Sureshot HCS,Extended Mag*,Flared Magwell,Triple Tap*,Swashbuckler*,Tier 5 Weapon*,Tracker Disabled*,Kill Tracker,Crucible Tracker,,
Azimuth DSu,1319,2591586261,"""6917529553500430811""",,Rare,Hand Cannon,campaign,KineticSlot,Kinetic,,,,Vault,FALSE,FALSE,2,4,,88,62,92,66,0,0,21,120,28,7,26,0,0,0,,Aggressive Frame*,Crossfire HCS*,Fastdraw HCS,High-Caliber Rounds*,Kill Clip*,,,,,,,,
Bad News,1100,2145476620,"""6917529534634823123""",,Legendary,Hand Cannon,edz,KineticSlot,Kinetic,1060,,,Vault,FALSE,FALSE,1,1,,88,71,92,60,0,0,42,120,46,8,42,0,0,0,,Aggressive Frame*,SteadyHand HCS*,Sureshot HCS,Flared Magwell*,Steady Rounds,Moving Target*,Kinetic Damage Mod*,Masterwork Upgrade*,,,,,
Ballyhoo Mk.27,1270,653875712,"""6917529551967241762""",,Rare,Hand Cannon,campaign,KineticSlot,Kinetic,,,,Vault,FALSE,FALSE,1,1,,86,72,84,49,0,0,54,140,44,10,50,0,0,0,,Adaptive Frame*,TrueSight HCS*,SteadyHand HCS,Armor-Piercing Rounds*,Hip-Fire Grip*,Kinetic Damage Mod*,,,,,,,
Bottom Dollar,1280,1046651176,"""6917529490663867613""",,Legendary,Hand Cannon,drifter,Energy,Void,,Reload Speed,4,Vault,FALSE,FALSE,4,13,,100,66,92,64,0,0,40,120,45,10,47,0,0,0,,Aggressive Frame*,Arrowhead Brake*,Corkscrew Rifling,Tactical Mag*,Alloy Magazine,Rapid Hit*,Unrelenting*,Tier 4 Weapon*,Tracker Disabled*,Kill Tracker,Crucible Tracker,,
Finite Impactor,1159,3813153080,"""6917529433092564846""",,Legendary,Hand Cannon,ironbanner,Energy,Arc,,Handling,3,Vault,FALSE,FALSE,4,14,,99,79,84,45,0,0,59,140,60,10,56,0,0,0,,Adaptive Frame*,TrueSight HCS*,Crossfire HCS,Flared Magwell*,Light Mag,Firmly Planted*,Elemental Capacitor*,Tier 3 Weapon*,Tracker Disabled*,Kill Tracker,Crucible Tracker,,
Igneous Hammer,1289,2351180975,"""6917529513940896735""",,Legendary,Hand Cannon,trials,Energy,Solar,,Stability,4,Vault,FALSE,FALSE,4,13,,100,69,92,78,0,0,45,120,37,11,34,0,0,0,,Aggressive Frame*,Extended Barrel*,Smallbore,Appended Mag*,Light Mag,Killing Wind*,Snapshot Sights*,Tier 4 Weapon*,Tracker Disabled*,Kill Tracker,Crucible Tracker,,
IKELOS_HC_v1.0.2,1300,1200824700,"""6917529536072547169""",,Legendary,Hand Cannon,dungeon,Energy,Void,,Stability,1,Vault,FALSE,FALSE,3,11,,100,75,78,39,0,0,60,180,40,12,49,0,0,0,,Precision Frame*,Arrowhead Brake*,Smallbore,Seraph Rounds*,Extended Mag,Slideways*,Rampage*,Tier 1 Weapon*,Tracker Disabled*,Kill Tracker,Crucible Tracker,,
IKELOS_HC_v1.0.2,1317,1200824700,"""6917529535354358933""",,Legendary,Hand Cannon,dungeon,Energy,Void,,Reload Speed,3,Vault,FALSE,FALSE,3,11,,100,75,78,48,0,0,60,180,42,12,49,0,0,0,,Precision Frame*,Arrowhead Brake*,Chambered Compensator,Accurized Rounds*,Alloy Magazine,Threat Detector*,Eye of the Storm*,Tier 3 Weapon*,Tracker Disabled*,Kill Tracker,Crucible Tracker,,
IKELOS_HC_v1.0.2,1286,1200824700,"""6917529490875093126""",,Legendary,Hand Cannon,dungeon,Energy,Void,,Reload Speed,1,Vault,FALSE,FALSE,3,11,,100,75,78,39,0,0,60,180,41,12,49,0,0,0,,Precision Frame*,Arrowhead Brake*,Smallbore,Seraph Rounds*,Appended Mag,Slideways*,Rampage*,Tarnished Copper*,Tier 1 Weapon*,Tracker Disabled*,Kill Tracker,Crucible Tracker,
Survivor's Epitaph,1318,310708513,"""6917529538559434850""",,Legendary,Hand Cannon,crucible,KineticSlot,Kinetic,,Handling,3,Vault,FALSE,FALSE,4,14,,83,74,78,48,0,0,65,180,50,12,56,0,0,0,,Precision Frame*,Corkscrew Rifling*,Hammer-Forged Rifling,High-Caliber Rounds*,Ricochet Rounds,Quickdraw*,Thresh*,VEIST Poison*,Icarus Grip*,Tier 3 Weapon*,Tracker Disabled*,Kill Tracker,Crucible Tracker
Survivor's Epitaph,1310,310708513,"""6917529545593880756""",,Legendary,Hand Cannon,crucible,KineticSlot,Kinetic,,Handling,5,Vault,FALSE,FALSE,4,14,,93,74,78,52,0,0,69,180,50,12,44,0,0,0,,Precision Frame*,Extended Barrel*,Smallbore,Ricochet Rounds*,Flared Magwell,Tunnel Vision*,Wellspring*,Tier 5 Weapon*,Tracker Disabled*,Kill Tracker,Crucible Tracker,,
Survivor's Epitaph,1316,310708513,"""6917529533929445603""",,Legendary,Hand Cannon,crucible,KineticSlot,Kinetic,,Stability,1,Vault,FALSE,FALSE,4,14,,93,74,78,43,0,0,79,180,50,12,44,0,0,0,,Precision Frame*,Chambered Compensator*,Smallbore,Ricochet Rounds*,Light Mag,Rapid Hit*,Eye of the Storm*,Tier 1 Weapon*,Tracker Disabled*,Kill Tracker,Crucible Tracker,,
The Steady Hand,1275,2220884262,"""6917529461962782978""",,Legendary,Hand Cannon,ironbanner,KineticSlot,Kinetic,,Range,2,Vault,FALSE,FALSE,4,12,,85,90,92,43,0,0,42,120,28,8,37,0,0,0,,Aggressive Frame*,SteadyHand HCS*,Crossfire HCS,Armor-Piercing Rounds*,High-Caliber Rounds,Moving Target*,Iron Gaze*,Always North*,Tier 2 Weapon*,Tracker Disabled*,Kill Tracker,Crucible Tracker,
True Prophecy,1263,2742838700,"""6917529490912532115""",,Legendary,Hand Cannon,legendaryengram,KineticSlot,Kinetic,,Stability,4,Vault,FALSE,FALSE,3,10,,93,67,92,78,0,0,29,120,30,9,32,0,0,0,,Aggressive Frame*,Crossfire HCS*,Sureshot HCS,Accurized Rounds*,Tactical Mag,Rangefinder*,Demolitionist*,Tier 4 Weapon*,Tracker Disabled*,Kill Tracker,Crucible Tracker,,
Arbalest,1320,2130065553,"""6917529552268353415""",,Exotic,Linear Fusion Rifle,,KineticSlot,Kinetic,,,,Hunter(1331),FALSE,FALSE,2,6,,87,31,41,60,0,0,60,0,35,5,28,533,0,0,,Compounding Force*,Extended Barrel*,Projection Fuse*,Disruption Break*,Composite Stock*,Tracker Disabled*,Kill Tracker,Crucible Tracker,Empty Catalyst Socket*,,,,
Lorentz Driver,1293,3761898871,"""6917529500660043991""",,Exotic,Linear Fusion Rifle,,Energy,Void,,,,Vault,FALSE,FALSE,4,15,,100,32,41,44,0,0,57,0,35,6,46,533,0,0,,Lagrangian Sight*,Arrowhead Brake*,Enhanced Battery*,EM Anomaly*,Composite Stock*,Tracker Disabled*,Kill Tracker,Crucible Tracker,Empty Catalyst Socket*,,,,
Lorentz Driver,1312,3761898871,"""6917529517866933063""",,Exotic,Linear Fusion Rifle,,Energy,Void,,,,Vault,FALSE,FALSE,4,15,,100,32,41,44,0,0,57,0,35,6,46,533,0,0,,Lagrangian Sight*,Arrowhead Brake*,Enhanced Battery*,EM Anomaly*,Composite Stock*,Tracker Disabled*,Kill Tracker,Crucible Tracker,Empty Catalyst Socket*,,,,
Reed's Regret,1311,1399243961,"""6917529513911110481""",,Legendary,Linear Fusion Rifle,trials,Power,Stasis,,"Charge Time, Impact",1,Vault,FALSE,FALSE,4,15,,76,66,38,50,0,0,58,0,53,6,69,530,0,0,,Precision Frame*,Fluted Barrel*,Hammer-Forged Rifling,Accelerated Coils*,Projection Fuse,Hip-Fire Grip*,Celerity*,Tier 1 Weapon*,Tracker Disabled*,Kill Tracker,Crucible Tracker,,
Tarantula,1300,3335343363,"""6917529536072545179""",,Legendary,Linear Fusion Rifle,legendaryengram,Power,Arc,,Handling,1,Warlock(1321),FALSE,FALSE,4,13,,65,58,41,60,0,0,48,0,13,7,47,533,0,0,,Precision Frame*,Fluted Barrel*,Hammer-Forged Rifling,Ionized Battery*,Projection Fuse,Feeding Frenzy*,Dragonfly*,Tier 1 Weapon*,Tracker Disabled*,Kill Tracker,Crucible Tracker,,
Tarantula,1300,3335343363,"""6917529538261275095""",,Legendary,Linear Fusion Rifle,legendaryengram,Power,Arc,,"Charge Time, Impact",4,Titan(1324),FALSE,FALSE,4,13,,75,58,40,60,0,0,52,0,31,6,28,520,0,0,,Precision Frame*,Chambered Compensator*,Corkscrew Rifling,Enhanced Battery*,Liquid Coils,Feeding Frenzy*,Wellspring*,Tier 4 Weapon*,Tracker Disabled*,Kill Tracker,Crucible Tracker,,
Tarantula,1290,3335343363,"""6917529547754148873""",,Legendary,Linear Fusion Rifle,legendaryengram,Power,Arc,,"Charge Time, Impact",4,Vault,FALSE,FALSE,4,13,,65,58,37,60,0,0,48,0,31,6,46,520,0,0,,Precision Frame*,Fluted Barrel*,Polygonal Rifling,Accelerated Coils*,Enhanced Battery,Feeding Frenzy*,Box Breathing*,Tier 4 Weapon*,Tracker Disabled*,Kill Tracker,Crucible Tracker,,
Tarantula,1297,3335343363,"""6917529507267361791""",,Legendary,Linear Fusion Rifle,legendaryengram,Power,Arc,,Handling,1,Vault,FALSE,FALSE,4,13,,75,58,44,60,0,0,52,0,31,6,29,533,0,0,,Precision Frame*,Chambered Compensator*,Extended Barrel,Liquid Coils*,Particle Repeater,Moving Target*,Rampage*,Tier 1 Weapon*,Tracker Disabled*,Kill Tracker,Crucible Tracker,,
Archon's Thunder,1270,1967303408,"""6917529461991140605""",,Legendary,Machine Gun,ironbanner,Power,Solar,,Handling,5,Vault,FALSE,FALSE,4,14,,76,27,70,72,0,0,34,360,49,48,49,0,0,0,,High-Impact Frame*,Corkscrew Rifling*,Polygonal Rifling,Tactical Mag*,Flared Magwell,Field Prep*,Thresh*,Tier 5 Weapon*,Tracker Disabled*,Kill Tracker,Crucible Tracker,,
Exitus Mk.I,1317,3117873459,"""6917529551893904167""",,Rare,Machine Gun,campaign,Power,Void,,,,Vault,FALSE,FALSE,4,13,,62,58,41,54,0,0,42,450,41,50,41,0,0,0,,Adaptive Frame*,Smallbore*,Armor-Piercing Rounds*,Killing Wind*,,,,,,,,,
Seventh Seraph SAW,1276,2582755344,"""6917529507197247810""",,Legendary,Machine Gun,rasputin,Power,Arc,,Stability,2,Titan(1324),FALSE,FALSE,3,10,,51,30,70,66,0,0,41,360,38,51,31,0,0,0,,High-Impact Frame*,Chambered Compensator*,Fluted Barrel,Appended Mag*,Ricochet Rounds,Clown Cartridge*,Mulligan*,Tier 2 Weapon*,Tracker Disabled*,Kill Tracker,Crucible Tracker,,
Agrona PR2,1318,1678957658,"""6917529534413964940""",,Rare,Pulse Rifle,campaign,Energy,Void,,,,Vault,FALSE,FALSE,2,4,,48,66,27,40,0,0,51,450,71,29,72,0,0,0,,Lightweight Frame*,Spark PS*,Transmission MS7,Flared Magwell*,Zen Moment*,,,,,,,,
Bayesian MSu,1320,1678957656,"""6917529542738717499""",,Rare,Pulse Rifle,campaign,KineticSlot,Kinetic,,,,Vault,FALSE,FALSE,2,4,,66,57,29,47,0,0,52,390,44,35,54,0,0,0,,Adaptive Frame*,Red Dot-ORS*,Red Dot-ORS1,Alloy Magazine*,Full Auto Trigger System*,,,,,,,,
BxR-55 Battler,1319,2708806099,"""6917529545630893470""",,Legendary,Pulse Rifle,30th,Energy,Solar,,Range,4,Vault,FALSE,FALSE,4,15,,70,85,23,68,0,0,68,450,67,35,69,0,0,0,,Legacy PR-55 Frame*,Full Bore*,Polygonal Rifling,Steady Rounds*,Ricochet Rounds,Auto-Loading Holster*,Elemental Capacitor*,Tier 4 Weapon*,Tracker Disabled*,Kill Tracker,Crucible Tracker,,
BxR-55 Battler,1317,2708806099,"""6917529545630894061""",,Legendary,Pulse Rifle,30th,Energy,Solar,,Stability,1,Vault,FALSE,FALSE,4,15,,70,85,23,55,0,0,82,450,67,35,78,0,0,0,,Legacy PR-55 Frame*,Corkscrew Rifling*,Smallbore,Steady Rounds*,Alloy Magazine,Demolitionist*,Rangefinder*,Tier 1 Weapon*,Tracker Disabled*,Kill Tracker,Crucible Tracker,,
BxR-55 Battler,1287,2708806099,"""6917529545558396670""",,Legendary,Pulse Rifle,30th,Energy,Solar,,Range,3,Vault,FALSE,FALSE,4,15,,70,85,23,53,0,0,86,450,67,35,74,0,0,0,,Legacy PR-55 Frame*,Polygonal Rifling*,Smallbore,Steady Rounds*,Ricochet Rounds,Perpetual Motion*,Blunt Execution Rounds*,Tier 3 Weapon*,Tracker Disabled*,Kill Tracker,Crucible Tracker,,
BxR-55 Battler,1306,2708806099,"""6917529545564286604""",,Legendary,Pulse Rifle,30th,Energy,Solar,,Stability,1,Vault,FALSE,FALSE,4,15,,80,85,23,55,0,0,78,450,80,35,69,0,0,0,,Legacy PR-55 Frame*,Chambered Compensator*,Smallbore,Flared Magwell*,Ricochet Rounds,Demolitionist*,Eye of the Storm*,Tier 1 Weapon*,Tracker Disabled*,Kill Tracker,Crucible Tracker,,
BxR-55 Battler,1317,2708806099,"""6917529552515971906""",,Legendary,Pulse Rifle,30th,Energy,Solar,,Handling,1,Vault,FALSE,FALSE,4,15,,100,85,23,50,0,0,77,450,67,35,84,0,0,0,,Legacy PR-55 Frame*,Arrowhead Brake*,Fluted Barrel,Steady Rounds*,Alloy Magazine,Killing Wind*,Adrenaline Junkie*,Tier 1 Weapon*,Tracker Disabled*,Kill Tracker,Crucible Tracker,,
BxR-55 Battler,1307,2708806099,"""6917529545524730440""",,Legendary,Pulse Rifle,30th,Energy,Solar,,Stability,1,Vault,FALSE,FALSE,4,15,,70,85,23,64,0,0,68,450,67,35,87,0,0,0,,Legacy PR-55 Frame*,Fluted Barrel*,Polygonal Rifling,Accurized Rounds*,Alloy Magazine,Perpetual Motion*,Elemental Capacitor*,Tier 1 Weapon*,Tracker Disabled*,Kill Tracker,Crucible Tracker,,
Encore-25,1307,1678957659,"""6917529545581661088""",,Rare,Pulse Rifle,campaign,Energy,Arc,,,,Vault,FALSE,FALSE,2,4,,67,55,29,46,0,0,51,390,44,35,58,0,0,0,,Adaptive Frame*,SLO-12 Post*,SPO-57 Front,High-Caliber Rounds*,Outlaw*,,,,,,,,
Encore-25,1318,1678957659,"""6917529552497656428""",,Rare,Pulse Rifle,campaign,Energy,Arc,,,,Vault,FALSE,FALSE,2,4,,67,55,29,46,0,0,51,390,44,35,58,0,0,0,,Adaptive Frame*,SLO-12 Post*,SPO-57 Front,High-Caliber Rounds*,Outlaw*,,,,,,,,
Eystein-D,1100,1291586825,"""6917529534634826788""",,Legendary,Pulse Rifle,campaign,KineticSlot,Kinetic,1060,,,Vault,FALSE,FALSE,1,1,,72,31,33,75,0,0,60,340,39,29,40,0,0,0,,High-Impact Frame*,GB Iron*,SD Thermal,Ricochet Rounds*,Accurized Rounds,High-Impact Reserves*,Kinetic Damage Mod*,Masterwork Upgrade*,,,,,
Forge's Pledge,1270,1076810832,"""6917529461940423925""",,Legendary,Pulse Rifle,ironbanner,Energy,Solar,,Handling,3,Vault,FALSE,FALSE,4,15,,81,61,29,44,0,0,75,390,21,42,57,0,0,0,,Adaptive Frame*,Arrowhead Brake*,Full Bore,Accurized Rounds,Appended Mag*,Heating Up*,Iron Grip*,Tier 3 Weapon*,Tracker Disabled*,Kill Tracker,Crucible Tracker,,
Forge's Pledge,1283,1076810832,"""6917529490912536214""",,Legendary,Pulse Rifle,ironbanner,Energy,Solar,,Stability,1,Vault,FALSE,FALSE,4,15,,51,61,29,58,0,0,49,390,48,42,41,0,0,0,,Adaptive Frame*,Full Bore*,Polygonal Rifling,Appended Mag*,Steady Rounds,Quickdraw*,Unrelenting*,Tier 1 Weapon*,Tracker Disabled*,Kill Tracker,Crucible Tracker,,
Forge's Pledge,1309,1076810832,"""6917529551871466043""",,Legendary,Pulse Rifle,ironbanner,Energy,Solar,,Reload Speed,2,Vault,FALSE,FALSE,4,15,,61,61,29,53,0,0,57,390,32,45,36,0,0,0,,Adaptive Frame*,Extended Barrel*,Full Bore,Extended Mag*,Alloy Magazine,Tunnel Vision*,Multikill Clip*,Tier 2 Weapon*,Tracker Disabled*,Kill Tracker,Crucible Tracker,,
Hailing Confusion,1239,2870169846,"""6917529449255513435""",,Legendary,Pulse Rifle,europa,KineticSlot,Kinetic,,Reload Speed,2,Vault,FALSE,FALSE,4,12,,52,62,29,48,0,0,61,390,32,45,51,0,0,0,,Adaptive Frame*,Corkscrew Rifling*,Polygonal Rifling,Extended Mag*,Alloy Magazine,Surplus*,Elemental Capacitor*,Always North*,Tier 2 Weapon*,Tracker Disabled*,Kill Tracker,Crucible Tracker,
Jian 7 Rifle,1100,1162247618,"""6917529528843513345""",,Legendary,Pulse Rifle,legendaryengram,Energy,Arc,,Range,1,Vault,FALSE,FALSE,3,10,,80,64,29,52,0,0,50,390,43,39,61,0,0,0,,Adaptive Frame*,SLO-10 Post*,SPO-26 Front,Appended Mag*,Ricochet Rounds,Grave Robber*,Outlaw*,Tier 1 Weapon*,Tracker Disabled*,Kill Tracker,Crucible Tracker,,
Jurassic Green,1316,2261046232,"""6917529519944987578""",,Legendary,Pulse Rifle,events,Energy,Solar,,Reload Speed,1,Vault,FALSE,FALSE,4,15,Festival of the Lost,60,76,23,43,0,0,47,540,35,35,18,0,0,0,,Rapid-Fire Frame*,Extended Barrel*,Smallbore,Alloy Magazine*,High-Caliber Rounds,Heating Up*,Adrenaline Junkie*,Radar Tuner*,Tier 1 Weapon*,Tracker Disabled*,Kill Tracker,Crucible Tracker,
Jurassic Green,1315,2261046232,"""6917529519991598129""",,Legendary,Pulse Rifle,events,Energy,Solar,,Stability,4,Vault,FALSE,FALSE,4,15,Festival of the Lost,80,76,23,34,0,0,50,540,16,44,36,0,0,0,,Rapid-Fire Frame*,Arrowhead Brake*,Hammer-Forged Rifling,Extended Mag*,Armor-Piercing Rounds,Rangefinder*,Adrenaline Junkie*,Tier 4 Weapon*,Tracker Disabled*,Kill Tracker,Crucible Tracker,,
Jurassic Green,1303,2261046232,"""6917529511623393624""",,Legendary,Pulse Rifle,events,Energy,Solar,,Handling,1,Vault,FALSE,FALSE,4,15,Festival of the Lost,60,76,23,48,0,0,47,540,34,35,19,0,0,0,,Rapid-Fire Frame*,Extended Barrel*,Polygonal Rifling,Armor-Piercing Rounds*,High-Caliber Rounds,Subsistence*,Multikill Clip*,Tier 1 Weapon*,Tracker Disabled*,Kill Tracker,Crucible Tracker,,
Jurassic Green,1304,2261046232,"""6917529511636099818""",,Legendary,Pulse Rifle,events,Energy,Solar,,Reload Speed,3,Vault,FALSE,FALSE,4,15,Festival of the Lost,80,76,23,39,0,0,56,540,37,35,36,0,0,0,,Rapid-Fire Frame*,Arrowhead Brake*,Hammer-Forged Rifling,Appended Mag,Ricochet Rounds*,Heating Up*,Multikill Clip*,Safety First*,Tier 3 Weapon*,Tracker Disabled*,Kill Tracker,Crucible Tracker,
Jurassic Green,1317,2261046232,"""6917529519987593972""",,Legendary,Pulse Rifle,events,Energy,Solar,,Handling,4,Vault,FALSE,FALSE,4,15,Festival of the Lost,60,76,23,34,0,0,56,540,16,44,26,0,0,0,,Rapid-Fire Frame*,Chambered Compensator*,Smallbore,Extended Mag*,High-Caliber Rounds,Tunnel Vision*,Multikill Clip*,Cargulo Bristle*,Tier 4 Weapon*,Tracker Disabled*,Kill Tracker,Crucible Tracker,
Legal Action II,1238,3409645497,"""6917529452511283026""",,Legendary,Pulse Rifle,legendaryengram,KineticSlot,Kinetic,,Stability,1,Vault,FALSE,FALSE,4,15,,80,32,33,66,0,0,63,340,22,37,27,0,0,0,,High-Impact Frame*,Chambered Compensator*,Extended Barrel,Extended Mag*,Steady Rounds,Surplus*,Osmosis*,Tier 1 Weapon*,Tracker Disabled*,Kill Tracker,Crucible Tracker,,
Legal Action II,1282,3409645497,"""6917529539467809724""",,Legendary,Pulse Rifle,legendaryengram,KineticSlot,Kinetic,,Handling,3,Vault,FALSE,FALSE,4,15,,70,32,33,75,0,0,58,340,49,31,34,0,0,0,,High-Impact Frame*,Hammer-Forged Rifling*,Polygonal Rifling,Tactical Mag*,Extended Mag,Heating Up*,Adrenaline Junkie*,Tier 3 Weapon*,Tracker Disabled*,Kill Tracker,Crucible Tracker,,
Lincoln Green,1100,1513927138,"""6917529534634823439""",,Legendary,Pulse Rifle,edz,KineticSlot,Kinetic,1060,,,Vault,FALSE,FALSE,1,1,,60,74,23,27,0,0,60,540,33,36,43,0,0,0,,Rapid-Fire Frame*,IS 5 Circle*,Model 6 Loop,Mark 15 Lens,Steady Rounds*,Alloy Magazine,Quickdraw*,Kinetic Damage Mod*,Masterwork Upgrade*,,,,
No Time to Explain,1288,1594120904,"""6917529492985128745""",favorite,Exotic,Pulse Rifle,deluxe,KineticSlot,Kinetic,,,,Vault,FALSE,FALSE,4,12,,90,45,33,82,0,0,64,340,64,24,61,0,0,0,,Rewind Again*,Fluted Barrel*,Accurized Rounds*,Time-Slip*,Full Auto Trigger System*,Tracker Disabled*,Kill Tracker,Crucible Tracker,Empty Catalyst Socket*,,,,
Stars in Shadow,1136,2050789284,"""6917529419191341595""",,Legendary,Pulse Rifle,crucible,Energy,Solar,,Range,1,Vault,FALSE,FALSE,4,12,,64,28,33,76,0,0,53,340,50,31,31,0,0,0,,High-Impact Frame*,Full Bore,Hammer-Forged Rifling*,Tactical Mag*,Alloy Magazine,Threat Detector*,Demolitionist*,Tier 1 Weapon*,Tracker Disabled*,Kill Tracker,Crucible Tracker,,
The Messenger,1287,3658188704,"""6917529513729846064""",,Legendary,Pulse Rifle,trials,KineticSlot,Kinetic,,Range,1,Vault,FALSE,FALSE,4,13,,60,37,33,75,0,0,63,340,44,31,51,0,0,0,,High-Impact Frame*,Fluted Barrel*,Smallbore,Armor-Piercing Rounds*,Ricochet Rounds,Heating Up*,Desperado*,Tier 1 Weapon*,Tracker Disabled*,Kill Tracker,Crucible Tracker,,
The Third Axiom,1293,4156253727,"""6917529501976798010""",,Legendary,Pulse Rifle,strikes,Energy,Arc,,Reload Speed,1,Vault,FALSE,FALSE,4,13,,84,66,29,68,0,0,68,390,52,36,43,0,0,0,,Adaptive Frame*,Extended Barrel*,Full Bore,Ricochet Rounds*,Light Mag,Rangefinder*,Thresh*,Tier 1 Weapon*,Tracker Disabled*,Kill Tracker,Crucible Tracker,,
The Time-Worn Spire,1162,3593598010,"""6917529433113864981""",,Legendary,Pulse Rifle,ironbanner,KineticSlot,Kinetic,,Stability,3,Vault,FALSE,FALSE,4,13,,60,79,23,64,0,0,30,540,46,37,40,0,0,0,,Rapid-Fire Frame*,Hitmark IS,Red Dot Micro*,Ricochet Rounds,Light Mag*,Quickdraw*,Iron Reach*,Tier 3 Weapon*,Tracker Disabled*,Kill Tracker,Crucible Tracker,,
Vigilance Wing,1312,3628991659,"""6917529519859958332""",,Exotic,Pulse Rifle,,KineticSlot,Kinetic,,,10,Vault,FALSE,FALSE,1,1,,79,60,33,68,0,0,73,530,46,30,49,0,0,0,,Harsh Truths*,Corkscrew Rifling*,Alloy Magazine*,Last Stand*,Composite Stock*,Vigilance Wing Catalyst*,,,,,,,
Ascendancy,1288,725408022,"""6917529490941093632""",,Legendary,Rocket Launcher,crucible,Power,Solar,,Handling,10,Vault,FALSE,FALSE,4,15,,70,61,0,0,65,65,57,15,34,1,69,0,0,0,,Precision Frame*,Quick Launch*,Impact Casing*,Impulse Amplifier*,Ambitious Assassin,Explosive Light*,Chain Reaction,Rustberry*,Masterwork*,Tracker Disabled,Kill Tracker,Crucible Tracker*,
Bad Omens,1300,991314988,"""6917529538660754751""",,Legendary,Rocket Launcher,drifter,Power,Void,,Velocity,2,Warlock(1321),FALSE,FALSE,3,11,,76,34,0,0,68,81,34,25,74,1,24,0,0,0,,Aggressive Frame*,Volatile Launch*,Hard Launch,High-Velocity Rounds*,Implosion Rounds,Tracking Module*,Quickdraw*,Gambit Leather*,Tier 2 Weapon*,Tracker Disabled*,Kill Tracker,Crucible Tracker,
Bad Omens,1299,991314988,"""6917529511457884064""",,Legendary,Rocket Launcher,drifter,Power,Void,,Reload Speed,3,Vault,FALSE,FALSE,3,11,,100,34,0,0,62,75,34,25,68,1,37,0,0,0,,Aggressive Frame*,Countermass*,Smart Drift Control,Black Powder*,Implosion Rounds,Field Prep*,Cluster Bomb*,Gambit Leather*,Tier 3 Weapon*,Tracker Disabled*,Kill Tracker,Crucible Tracker,
Bad Omens,1286,991314988,"""6917529497469048074""",,Legendary,Rocket Launcher,drifter,Power,Void,,Reload Speed,4,Vault,FALSE,FALSE,3,11,,100,34,0,0,60,84,43,25,78,1,37,0,0,0,,Aggressive Frame*,Countermass*,Linear Compensator,High-Velocity Rounds*,Implosion Rounds,Auto-Loading Holster*,Quickdraw*,Gambit Leather*,Tier 4 Weapon*,Tracker Disabled*,Kill Tracker,Crucible Tracker,
Butler RS/2,1313,2037589099,"""6917529551937041827""",,Uncommon,Rocket Launcher,campaign,Power,Arc,,,,Vault,FALSE,FALSE,1,1,,45,63,0,0,100,40,67,15,51,1,62,0,0,0,,High-Impact Frame*,Confined Launch*,Smart Drift Control,High-Velocity Rounds*,,,,,,,,,
Cup-Bearer SA/2,1318,1877183765,"""6917529551859200096""",,Rare,Rocket Launcher,campaign,Power,Solar,,,,Vault,FALSE,FALSE,2,4,,53,55,0,0,72,70,33,20,53,1,43,0,0,0,,Adaptive Frame*,Hard Launch*,Linear Compensator,High-Velocity Rounds*,Cluster Bomb*,,,,,,,,
Hoosegow,1277,3669616453,"""6917529452501221828""",junk,Legendary,Rocket Launcher,dungeon,Power,Arc,,Handling,2,Vault,FALSE,FALSE,3,11,,80,63,0,0,78,71,51,20,59,1,46,0,0,0,,Adaptive Frame*,Countermass,Linear Compensator*,Alloy Casing,High-Velocity Rounds*,Tracking Module*,Quickdraw*,Golden Trace*,Tier 2 Weapon*,Tracker Disabled*,Kill Tracker,Crucible Tracker,
Hoosegow,1303,3669616453,"""6917529507804330011""",,Legendary,Rocket Launcher,dungeon,Power,Arc,,Reload Speed,2,Vault,FALSE,FALSE,3,11,,80,63,0,0,82,49,51,20,51,1,44,0,0,0,,Adaptive Frame*,Confined Launch*,Countermass,Black Powder*,Impact Casing,Underdog*,Cluster Bomb*,Tier 2 Weapon*,Tracker Disabled*,Kill Tracker,Crucible Tracker,,
Reginar-B,1320,1877183764,"""6917529545619282138""",,Rare,Rocket Launcher,campaign,Power,Void,,,,Vault,FALSE,FALSE,2,4,,49,25,0,0,68,69,33,10,42,1,36,0,0,0,,HÃ¤kke Precision Frame*,Quick Launch*,Countermass,Black Powder*,Field Prep*,,,,,,,,
Subzero Salvo,1317,42351395,"""6917529533519732306""",,Legendary,Rocket Launcher,europa,Power,Arc,,Reload Speed,2,Titan(1324),FALSE,FALSE,4,12,,79,61,0,0,75,49,36,15,32,1,42,0,0,0,,Precision Frame*,Volatile Launch*,Smart Drift Control,Black Powder*,Implosion Rounds,Killing Wind*,Chain Reaction*,Tier 2 Weapon*,Tracker Disabled*,Kill Tracker,Crucible Tracker,,
Subzero Salvo,1270,42351395,"""6917529486435490716""",,Legendary,Rocket Launcher,europa,Power,Arc,,Blast Radius,1,Vault,FALSE,FALSE,4,12,,79,61,0,0,73,44,50,15,31,1,47,0,0,0,,Precision Frame*,Confined Launch*,Hard Launch,Black Powder*,Implosion Rounds,Underdog*,Unrelenting*,Tier 1 Weapon*,Tracker Disabled*,Kill Tracker,Crucible Tracker,,
The Wardcliff Coil,1319,1508896098,"""6917529551859192469""",,Exotic,Rocket Launcher,,Power,Arc,,,10,Titan(1324),FALSE,TRUE,1,1,,60,80,0,0,62,96,60,60,37,1,82,0,0,0,,Mad Scientist*,Volatile Launch*,Extended Mag*,Mechanized Autoloader*,Composite Stock*,Wardcliff Coil Catalyst*,,,,,,,
Two-Tailed Fox,1318,2694576561,"""6917529533523100878""",,Exotic,Rocket Launcher,,Power,Void,,,,Warlock(1321),FALSE,FALSE,2,4,,61,67,0,0,70,55,73,40,45,1,57,0,0,0,,Twintails*,Confined Launch*,High-Velocity Rounds*,Play with Your Prey*,Composite Stock*,Tracker Disabled*,Kill Tracker,Crucible Tracker,Empty Catalyst Socket*,,,,
Contingency Plan,1288,577528837,"""6917529494891813453""",,Legendary,Scout Rifle,legendaryengram,Energy,Arc,,Stability,1,Vault,FALSE,FALSE,4,15,,53,66,45,50,0,0,51,260,33,17,28,0,0,0,,VEIST Rapid-Fire*,Hammer-Forged Rifling*,Smallbore,Accurized Rounds*,Alloy Magazine,No Distractions*,One for All*,Tier 1 Weapon*,Tracker Disabled*,Kill Tracker,Crucible Tracker,,
Contingency Plan,1287,577528837,"""6917529498933780135""",,Legendary,Scout Rifle,legendaryengram,Energy,Arc,,Handling,2,Vault,FALSE,FALSE,4,15,,63,66,45,42,0,0,50,260,15,20,21,0,0,0,,VEIST Rapid-Fire*,Extended Barrel*,Hammer-Forged Rifling,Extended Mag*,Flared Magwell,Tunnel Vision*,Thresh*,Tier 2 Weapon*,Tracker Disabled*,Kill Tracker,Crucible Tracker,,
Contingency Plan,1291,577528837,"""6917529493016507068""",,Legendary,Scout Rifle,legendaryengram,Energy,Arc,,Reload Speed,1,Vault,FALSE,FALSE,4,15,,83,66,45,32,0,0,55,260,43,18,37,0,0,0,,VEIST Rapid-Fire*,Arrowhead Brake*,Corkscrew Rifling,Tactical Mag*,Flared Magwell,No Distractions*,Kill Clip*,VEIST Poison Shimmer*,Tier 1 Weapon*,Tracker Disabled*,Kill Tracker,Crucible Tracker,
Does Not Compute,1100,4193877020,"""6917529040269920002""",,Legendary,Scout Rifle,crucible,KineticSlot,Kinetic,1060,,,Vault,FALSE,FALSE,1,1,,80,39,67,65,0,0,38,150,43,12,44,0,0,0,,High-Impact Frame*,Red Dot 2 MOA*,Rifle Scope ST,Rifle Scope SSF,Steady Rounds*,Appended Mag,Moving Target*,Kinetic Damage Mod*,Masterwork Upgrade*,,,,
Eternal Blazon,1318,3514096004,"""6917529538598633369""",,Legendary,Scout Rifle,legendaryengram,Energy,Arc,,Handling,2,Vault,FALSE,FALSE,4,13,,52,67,60,49,0,0,41,200,43,19,65,0,0,0,,Lightweight Frame*,Signal MS5*,Transmission MS7,Extended Mag*,Flared Magwell,Overflow*,Rangefinder*,Tier 2 Weapon*,Tracker Disabled*,Kill Tracker,Crucible Tracker,,
Eternal Blazon,1285,3514096004,"""6917529490893867107""",,Legendary,Scout Rifle,legendaryengram,Energy,Arc,,Range,5,Vault,FALSE,FALSE,4,13,,52,67,60,60,0,0,41,200,61,16,57,0,0,0,,Lightweight Frame*,Impulse MS3*,Spark PS,High-Caliber Rounds*,Flared Magwell,Full Auto Trigger System*,Kill Clip*,Always North*,Tier 5 Weapon*,Tracker Disabled*,Kill Tracker,Crucible Tracker,
Eternal Blazon,1291,3514096004,"""6917529498954198001""",,Legendary,Scout Rifle,legendaryengram,Energy,Arc,,Reload Speed,3,Vault,FALSE,FALSE,4,13,,52,67,60,49,0,0,41,200,46,19,63,0,0,0,,Lightweight Frame*,Signal MS5*,Impulse MS3,Extended Mag*,Ricochet Rounds,Slideshot*,Disruption Break*,Tier 3 Weapon*,Tracker Disabled*,Kill Tracker,Crucible Tracker,,
Eternal Blazon,1316,3514096004,"""6917529551871464370""",,Legendary,Scout Rifle,legendaryengram,Energy,Arc,,Reload Speed,1,Vault,FALSE,FALSE,4,13,,52,67,60,47,0,0,41,200,62,16,78,0,0,0,,Lightweight Frame*,Candle PS*,Jolt PS,Armor-Piercing Rounds*,Flared Magwell,Slideshot*,Rangefinder*,Tier 1 Weapon*,Tracker Disabled*,Kill Tracker,Crucible Tracker,,
Night Watch,1275,3504336176,"""6917529485967429990""",,Legendary,Scout Rifle,gambitprime,KineticSlot,Kinetic,,Handling,1,Vault,FALSE,FALSE,3,11,,57,69,60,48,0,0,46,200,44,19,74,0,0,0,,Lightweight Frame*,Corkscrew Rifling*,Extended Mag*,Overflow*,Explosive Payload*,Tier 1 Weapon*,Tracker Disabled*,Kill Tracker,Crucible Tracker,,,,
Pleiades Corrector,1258,3556999246,"""6917529480826275965""",junk,Legendary,Scout Rifle,legendaryengram,Energy,Solar,,Reload Speed,3,Vault,FALSE,FALSE,4,14,,62,76,60,35,0,0,58,200,51,19,69,0,0,0,,Lightweight Frame*,Chambered Compensator*,Full Bore,Extended Mag*,Alloy Magazine,Outlaw*,Demolitionist*,Tier 3 Weapon*,Tracker Disabled*,Kill Tracker,Crucible Tracker,,
Pleiades Corrector,1319,3556999246,"""6917529538286037549""",,Legendary,Scout Rifle,legendaryengram,Energy,Solar,,Handling,3,Vault,FALSE,FALSE,4,14,,82,76,60,35,0,0,49,200,67,19,86,0,0,0,,Lightweight Frame*,Arrowhead Brake*,Full Bore,Extended Mag*,Light Mag,Fourth Time's the Charm*,Sympathetic Arsenal*,Tier 3 Weapon*,Tracker Disabled*,Kill Tracker,Crucible Tracker,,
Servant Leader,1304,1107446438,"""6917529511689485882""",,Legendary,Scout Rifle,drifter,KineticSlot,Kinetic,,Reload Speed,2,Vault,FALSE,FALSE,4,15,,64,67,45,41,0,0,48,260,38,19,17,0,0,0,,Rapid-Fire Frame*,Extended Barrel*,Smallbore,Appended Mag*,Flared Magwell,Killing Wind*,Harmony*,Midnight Talons*,Tier 2 Weapon*,Tracker Disabled*,Kill Tracker,Crucible Tracker,
Servant Leader,1301,1107446438,"""6917529511512864380""",,Legendary,Scout Rifle,drifter,KineticSlot,Kinetic,,Stability,2,Vault,FALSE,FALSE,4,15,,54,67,45,36,0,0,54,260,36,17,31,0,0,0,,Rapid-Fire Frame*,Corkscrew Rifling*,Smallbore,Alloy Magazine*,Flared Magwell,Killing Wind*,Snapshot Sights*,Radar Tuner*,Tier 2 Weapon*,Tracker Disabled*,Kill Tracker,Crucible Tracker,
Servant Leader,1301,1107446438,"""6917529511527059774""",,Legendary,Scout Rifle,drifter,KineticSlot,Kinetic,,Range,1,Vault,FALSE,FALSE,4,15,,84,67,45,32,0,0,48,260,36,19,35,0,0,0,,Rapid-Fire Frame*,Arrowhead Brake*,Corkscrew Rifling,Appended Mag*,Extended Mag,Fourth Time's the Charm*,Adrenaline Junkie*,Tier 1 Weapon*,Tracker Disabled*,Kill Tracker,Crucible Tracker,,
The Guiding Sight,1270,1641430382,"""6917529461991132175""",,Legendary,Scout Rifle,ironbanner,KineticSlot,Kinetic,,Range,3,Vault,FALSE,FALSE,4,12,,75,30,67,77,0,0,32,150,42,15,43,0,0,0,,High-Impact Frame*,Red Dot 2 MOA*,Red Dot Micro,Appended Mag*,Light Mag,Rapid Hit*,One for All*,Tier 3 Weapon*,Tracker Disabled*,Kill Tracker,Crucible Tracker,,
Trax Lysis II,1318,3906357377,"""6917529555902262163""",,Rare,Scout Rifle,campaign,KineticSlot,Kinetic,,,,Hunter(1331),FALSE,FALSE,2,4,,67,27,67,66,0,0,37,150,36,11,26,0,0,0,,High-Impact Frame*,Focus Lens FLS2*,Quickdraw IS,Steady Rounds*,Full Auto Trigger System*,,,,,,,,
Bonechiller,1288,4037745684,"""6917529498937671873""",,Legendary,Shotgun,europa,Energy,Void,,Reload Speed,3,Vault,FALSE,FALSE,4,12,,60,61,70,65,0,0,65,70,50,5,47,0,0,0,,Pinpoint Slug Frame*,Corkscrew Rifling*,Extended Barrel,Assault Mag*,Extended Mag,Auto-Loading Holster*,Slideways*,Tier 3 Weapon*,Tracker Disabled*,Kill Tracker,Crucible Tracker,,
Bonechiller,1317,4037745684,"""6917529528965448727""",,Legendary,Shotgun,europa,Energy,Void,,Range,4,Vault,FALSE,FALSE,4,12,,90,61,70,73,0,0,47,65,48,5,51,0,0,0,,Pinpoint Slug Frame*,Arrowhead Brake*,Smallbore,Accurized Rounds*,Light Mag,Auto-Loading Holster*,Slideways*,Tier 4 Weapon*,Tracker Disabled*,Kill Tracker,Crucible Tracker,,
Bonechiller,1316,4037745684,"""6917529533865489937""",,Legendary,Shotgun,europa,Energy,Void,,Handling,1,Vault,FALSE,FALSE,4,12,,70,61,70,60,0,0,56,65,10,6,39,0,0,0,,Pinpoint Slug Frame*,Chambered Compensator*,Extended Barrel,Appended Mag*,Light Mag,Dual Loader*,Threat Detector*,Tier 1 Weapon*,Tracker Disabled*,Kill Tracker,Crucible Tracker,,
Fractethyst,1318,3184681056,"""6917529555898429580""",,Legendary,Shotgun,seasonpass,KineticSlot,Stasis,,Range,2,Hunter(1331),FALSE,FALSE,4,15,,75,72,70,77,0,0,50,65,37,6,33,0,0,0,,Precision Frame*,Rifled Barrel*,Smoothbore,Extended Mag*,Accurized Rounds,Lead from Gold*,Harmony*,Tier 2 Weapon*,Tracker Disabled*,Kill Tracker,Crucible Tracker,,
Fractethyst,1290,3184681056,"""6917529498958651966""",,Legendary,Shotgun,seasonpass,KineticSlot,Stasis,,Stability,1,Vault,FALSE,FALSE,4,15,,75,72,70,84,0,0,51,65,55,5,33,0,0,0,,Precision Frame*,Rifled Barrel*,Accurized Rounds*,Ensemble*,Opening Shot*,Tier 1 Weapon*,Tracker Disabled*,Kill Tracker,Crucible Tracker,,,,
IKELOS_SG_v1.0.2,1297,1096206669,"""6917529507271610703""",,Legendary,Shotgun,dungeon,Energy,Solar,,Range,1,Vault,FALSE,FALSE,3,11,,79,72,65,42,0,0,48,140,65,8,45,0,0,0,,Rapid-Fire Frame*,Chambered Compensator*,Corkscrew Rifling,Appended Mag*,Extended Mag,Threat Detector*,Disruption Break*,Tier 1 Weapon*,Tracker Disabled*,Kill Tracker,Crucible Tracker,,
IKELOS_SG_v1.0.2,1293,1096206669,"""6917529497215574251""",,Legendary,Shotgun,dungeon,Energy,Solar,,Reload Speed,5,Vault,FALSE,FALSE,3,11,,79,72,65,36,0,0,61,140,69,7,45,0,0,0,,Rapid-Fire Frame*,Chambered Compensator*,Full Bore,Steady Rounds*,Accurized Rounds,Feeding Frenzy*,Surrounded*,Tier 5 Weapon*,Tracker Disabled*,Kill Tracker,Crucible Tracker,,
Lord of Wolves,1317,3413860063,"""6917529535303325254""",,Exotic,Shotgun,,Energy,Solar,,,,Vault,FALSE,FALSE,2,4,,90,80,68,28,0,0,59,640,64,6,46,0,0,0,,Shrapnel Launcher*,Chambered Compensator*,Extended Mag*,Release the Wolves*,Composite Stock*,Tracker Disabled*,Kill Tracker,Crucible Tracker,Empty Catalyst Socket*,,,,
Retrofuturist,1314,1402766122,"""6917529519983786882""",,Legendary,Shotgun,legendaryengram,Energy,Void,,Stability,3,Vault,FALSE,FALSE,4,13,,55,50,65,42,0,0,68,80,60,7,78,0,0,0,,Lightweight Frame*,Barrel Shroud*,Full Choke,Steady Rounds*,Accurized Rounds,Pulse Monitor*,Unrelenting*,Tier 3 Weapon*,Tracker Disabled*,Kill Tracker,Crucible Tracker,,
Retrofuturist,1303,1402766122,"""6917529511546425272""",,Legendary,Shotgun,legendaryengram,Energy,Void,,Range,2,Vault,FALSE,FALSE,4,13,,55,50,65,57,0,0,56,90,60,7,55,0,0,0,,Lightweight Frame*,Rifled Barrel*,Smoothbore,Assault Mag*,Extended Mag,Hip-Fire Grip*,Thresh*,Tier 2 Weapon*,Tracker Disabled*,Kill Tracker,Crucible Tracker,,
Retrofuturist,1305,1402766122,"""6917529511581948303""",,Legendary,Shotgun,legendaryengram,Energy,Void,,Stability,3,Vault,FALSE,FALSE,4,13,,55,50,65,52,0,0,56,80,69,7,68,0,0,0,,Lightweight Frame*,Smallbore*,Corkscrew Rifling,Tactical Mag*,Steady Rounds,Pulse Monitor*,Unrelenting*,Tier 3 Weapon*,Tracker Disabled*,Kill Tracker,Crucible Tracker,,
Riiswalker,1145,108221785,"""6917529433042453144""",,Legendary,Shotgun,ironbanner,KineticSlot,Kinetic,,Range,1,Vault,FALSE,FALSE,4,14,,54,52,65,83,0,0,22,80,66,7,74,0,0,0,,Lightweight Frame*,Smoothbore*,Smallbore,Appended Mag*,Extended Mag,Firmly Planted*,Iron Reach*,Tier 1 Weapon*,Tracker Disabled*,Kill Tracker,Crucible Tracker,,
Riiswalker,1307,108221785,"""6917529547758021380""",,Legendary,Shotgun,ironbanner,KineticSlot,Kinetic,,Reload Speed,1,Vault,FALSE,FALSE,4,14,,54,52,65,64,0,0,53,80,76,7,74,0,0,0,,Lightweight Frame*,Smoothbore*,Barrel Shroud,Tactical Mag*,Extended Mag,Hip-Fire Grip*,Vorpal Weapon*,Tier 1 Weapon*,Tracker Disabled*,Kill Tracker,Crucible Tracker,,
Stubborn Oak,1100,1977926913,"""6917529551961908631""",,Common,Shotgun,campaign,Energy,Solar,,,,Vault,FALSE,FALSE,1,1,,47,21,80,25,0,0,23,55,34,5,26,0,0,0,,Aggressive Frame*,Full Choke*,,,,,,,,,,,
The Chaperone,1292,3413860062,"""6917529499735938973""",,Exotic,Shotgun,,KineticSlot,Kinetic,,,,Vault,FALSE,FALSE,2,4,,50,70,75,100,0,0,37,70,37,6,82,0,0,0,,Precision Slug*,Hammer-Forged Rifling*,Accurized Rounds*,The Roadborn*,Hand-Laid Stock*,Tracker Disabled*,Kill Tracker,Crucible Tracker,Empty Catalyst Socket*,,,,
The Chaperone,1319,3413860062,"""6917529533942721737""",,Exotic,Shotgun,,KineticSlot,Kinetic,,,,Vault,FALSE,FALSE,2,4,,50,70,75,100,0,0,37,70,37,6,82,0,0,0,,Precision Slug*,Hammer-Forged Rifling*,Accurized Rounds*,The Roadborn*,Hand-Laid Stock*,Tracker Disabled*,Kill Tracker,Crucible Tracker,Empty Catalyst Socket*,,,,
The Deicide,1313,217140611,"""6917529545593874887""",,Legendary,Shotgun,legendaryengram,Energy,Void,,Range,1,Vault,FALSE,FALSE,4,14,,62,64,65,58,0,0,34,140,67,7,44,0,0,0,,Rapid-Fire Frame*,Smoothbore*,Full Choke,Accurized Rounds*,Light Mag,Surplus*,Unrelenting*,Tier 1 Weapon*,Tracker Disabled*,Kill Tracker,Crucible Tracker,,
The Deicide,1314,217140611,"""6917529517874637930""",,Legendary,Shotgun,legendaryengram,Energy,Void,,Handling,2,Vault,FALSE,FALSE,4,14,,62,64,65,43,0,0,48,140,67,7,46,0,0,0,,Rapid-Fire Frame*,Smoothbore*,Smallbore,Steady Rounds*,Accurized Rounds,Slideshot*,One-Two Punch*,Tier 2 Weapon*,Tracker Disabled*,Kill Tracker,Crucible Tracker,,
The Deicide,1306,217140611,"""6917529511481178796""",,Legendary,Shotgun,legendaryengram,Energy,Void,,Stability,1,Vault,FALSE,FALSE,4,14,,62,64,65,34,0,0,44,140,67,8,53,0,0,0,,Rapid-Fire Frame*,Barrel Shroud*,Full Choke,Appended Mag*,Tactical Mag,Surplus*,Vorpal Weapon*,Tier 1 Weapon*,Tracker Disabled*,Kill Tracker,Crucible Tracker,,
The Deicide,1292,217140611,"""6917529500663850288""",,Legendary,Shotgun,legendaryengram,Energy,Void,,Range,3,Vault,FALSE,FALSE,4,14,,62,64,65,50,0,0,39,140,76,7,44,0,0,0,,Rapid-Fire Frame*,Smoothbore*,Smallbore,Tactical Mag*,Accurized Rounds,Slideshot*,Vorpal Weapon*,Tier 3 Weapon*,Tracker Disabled*,Kill Tracker,Crucible Tracker,,
The Deicide,1320,217140611,"""6917529538531768243""",,Legendary,Shotgun,legendaryengram,Energy,Void,,Reload Speed,1,Vault,FALSE,FALSE,4,14,,62,64,65,43,0,0,39,140,77,7,31,0,0,0,,Rapid-Fire Frame*,Rifled Barrel*,Smoothbore,Tactical Mag*,Light Mag,Surplus*,Vorpal Weapon*,Tier 1 Weapon*,Tracker Disabled*,Kill Tracker,Crucible Tracker,,
Wastelander M5,1300,1679868061,"""6917529552515964258""",,Legendary,Shotgun,30th,KineticSlot,Kinetic,,Range,2,Vault,FALSE,FALSE,4,15,,51,49,65,51,0,0,55,80,18,7,78,0,0,0,,Lightweight Frame*,Barrel Shroud*,Corkscrew Rifling,Appended Mag*,Accurized Rounds,Dual Loader*,Opening Shot*,Tier 2 Weapon*,Tracker Disabled*,Kill Tracker,Crucible Tracker,,
Dissonance-34,1317,711899775,"""6917529533929450072""",,Rare,Sidearm,campaign,Energy,Void,,,,Vault,FALSE,FALSE,2,4,,86,60,35,33,0,0,76,450,42,15,58,0,0,0,,SUROS Rapid-Fire*,Shortspec SAS*,Tactic SAS,Ricochet Rounds*,Moving Target*,,,,,,,,
Lonesome,1318,2199171672,"""6917529538515232179""",,Legendary,Sidearm,gambitprime,KineticSlot,Kinetic,,Stability,3,Warlock(1321),FALSE,TRUE,3,11,,100,86,51,71,0,0,50,260,29,15,31,0,0,0,,Precision Frame*,Extended Barrel*,Full Bore,Appended Mag*,Ricochet Rounds,Grave Robber*,Kill Clip*,Molten Bronze*,Tier 3 Weapon*,Tracker Disabled*,Kill Tracker,Crucible Tracker,
Peacebond,1270,829330711,"""6917529461996451740""",,Legendary,Sidearm,ironbanner,KineticSlot,Stasis,,Stability,2,Vault,FALSE,FALSE,4,15,,92,69,75,44,0,0,96,491,36,30,55,0,0,0,,Adaptive Frame*,Hammer-Forged Rifling*,Smallbore,Steady Rounds*,Alloy Magazine,Pulse Monitor*,Headstone*,Tier 2 Weapon*,Tracker Disabled*,Kill Tracker,Crucible Tracker,,
Peacebond,1280,829330711,"""6917529486868344474""",,Legendary,Sidearm,ironbanner,KineticSlot,Stasis,,Handling,2,Vault,FALSE,FALSE,4,15,,100,69,75,40,0,0,90,491,18,42,52,0,0,0,,Adaptive Frame*,Chambered Compensator*,Full Bore,Extended Mag*,Steady Rounds,Rangefinder*,Headstone*,Tier 2 Weapon*,Tracker Disabled*,Kill Tracker,Crucible Tracker,,
Punching Out,1315,378498222,"""6917529526919335500""",,Legendary,Sidearm,strikes,Energy,Solar,,Range,1,Vault,FALSE,FALSE,4,15,,98,56,35,30,0,0,76,450,49,15,52,0,0,0,,SUROS Rapid-Fire*,Chambered Compensator*,Fluted Barrel,Alloy Magazine*,Appended Mag,Surplus*,Elemental Capacitor*,Tier 1 Weapon*,Tracker Disabled*,Kill Tracker,Crucible Tracker,,
Punching Out,1318,378498222,"""6917529538544427301""",,Legendary,Sidearm,strikes,Energy,Solar,,Stability,5,Vault,FALSE,FALSE,4,15,,88,56,35,33,0,0,80,450,62,15,61,0,0,0,,SUROS Rapid-Fire*,Corkscrew Rifling*,Hammer-Forged Rifling,Flared Magwell*,Light Mag,Overflow*,Adrenaline Junkie*,Tier 5 Weapon*,Tracker Disabled*,Kill Tracker,Crucible Tracker,,
Requiem SI2,1302,711899774,"""6917529511499950127""",,Rare,Sidearm,campaign,Energy,Arc,,,,Vault,FALSE,FALSE,2,4,,90,73,75,34,0,0,86,491,40,30,49,0,0,0,,Omolon Adaptive Frame*,Target SAS*,Shortspec SAS,Steady Rounds*,Threat Detector*,,,,,,,,
Spoiler Alert,1314,2588048270,"""6917529481387347456""",,Legendary,Sidearm,legendaryengram,KineticSlot,Kinetic,,Stability,10,Hunter(1331),FALSE,FALSE,4,15,,87,70,43,25,0,0,60,360,56,15,82,0,0,0,,Lightweight Frame*,QuickDot SAS*,Target SAS,Alloy Magazine,Appended Mag*,Killing Wind*,Unrelenting*,Mercury Vex Chrome*,Masterwork*,Tracker Disabled,Kill Tracker,Crucible Tracker*,
Spoiler Alert,1274,2588048270,"""6917529500689995567""",,Legendary,Sidearm,legendaryengram,KineticSlot,Kinetic,,Reload Speed,1,Vault,FALSE,FALSE,4,15,,87,70,43,28,0,0,49,360,39,18,71,0,0,0,,Lightweight Frame*,Shortspec SAS*,FarPoint SAS,Extended Mag*,Alloy Magazine,Killing Wind*,Osmosis*,Tier 1 Weapon*,Tracker Disabled*,Kill Tracker,Crucible Tracker,,
Spoiler Alert,1219,2588048270,"""6917529450939785955""",,Legendary,Sidearm,legendaryengram,KineticSlot,Kinetic,,Reload Speed,4,Vault,FALSE,FALSE,4,15,,87,70,43,30,0,0,46,360,60,15,68,0,0,0,,Lightweight Frame*,Tactic SAS*,FarPoint SAS,Alloy Magazine*,Light Mag,Threat Detector*,Osmosis*,HÃ¤kke History*,Tier 4 Weapon*,Tracker Disabled*,Kill Tracker,Crucible Tracker,
Spoiler Alert,1320,2588048270,"""6917529552520020081""",,Legendary,Sidearm,legendaryengram,KineticSlot,Kinetic,,Stability,1,Vault,FALSE,FALSE,4,15,,87,70,43,25,0,0,51,360,56,15,82,0,0,0,,Lightweight Frame*,QuickDot SAS*,Target SAS,Alloy Magazine*,Armor-Piercing Rounds,Feeding Frenzy*,Demolitionist*,Tier 1 Weapon*,Tracker Disabled*,Kill Tracker,Crucible Tracker,,
The Keening,1278,409551876,"""6917529481468325323""",,Legendary,Sidearm,crucible,Energy,Arc,,Reload Speed,4,Vault,FALSE,FALSE,4,13,,99,83,49,49,0,0,69,300,36,18,60,0,0,0,,Adaptive Frame*,Corkscrew Rifling*,Extended Barrel,Appended Mag*,Light Mag,Moving Target*,Multikill Clip*,Tier 4 Weapon*,Tracker Disabled*,Kill Tracker,Crucible Tracker,,
The Keening,1320,409551876,"""6917529537592688387""",,Legendary,Sidearm,crucible,Energy,Arc,,Range,1,Vault,FALSE,FALSE,4,13,,99,83,49,50,0,0,69,300,14,21,60,0,0,0,,Adaptive Frame*,Corkscrew Rifling*,Fluted Barrel,Extended Mag*,Flared Magwell,Subsistence*,Unrelenting*,Frumious Blue*,Tier 1 Weapon*,Tracker Disabled*,Kill Tracker,Crucible Tracker,
The Keening,1310,409551876,"""6917529517912387207""",,Legendary,Sidearm,crucible,Energy,Arc,,Reload Speed,3,Vault,FALSE,FALSE,4,13,,100,83,49,44,0,0,74,300,35,18,50,0,0,0,,Adaptive Frame*,Chambered Compensator*,Hammer-Forged Rifling,Appended Mag*,Flared Magwell,Slideways*,Surrounded*,Tier 3 Weapon*,Tracker Disabled*,Kill Tracker,Crucible Tracker,,
The Last Dance,1318,2009277538,"""6917529552182720826""",,Legendary,Sidearm,strikes,Energy,Arc,,Range,1,Vault,FALSE,FALSE,3,11,,97,75,75,37,0,0,95,491,17,36,66,0,0,0,,Omolon Adaptive Frame*,Control SAS*,Shortspec SAS,Tactic SAS,Extended Mag*,Ricochet Rounds,Quickdraw*,Kill Clip*,Vanguard Metallic*,Tier 1 Weapon*,Tracker Disabled*,Kill Tracker,Crucible Tracker
The Vision,1301,2414141462,"""6917529507280175490""",,Legendary,Sidearm,legendaryengram,Energy,Arc,,Stability,2,Vault,FALSE,FALSE,4,14,,90,70,75,37,0,0,88,491,39,27,68,0,0,0,,Omolon Adaptive Frame*,QuickDot SAS*,Tactic SAS,Alloy Magazine*,Flared Magwell,Grave Robber*,Swashbuckler*,Buffer Overflow*,Tier 2 Weapon*,Tracker Disabled*,Kill Tracker,Crucible Tracker,
Traveler's Chosen,1100,53159280,"""6917529039838626897""",,Common,Sidearm,,KineticSlot,Kinetic,,,,Warlock(1321),FALSE,FALSE,1,1,,85,82,49,42,0,0,69,300,40,15,68,0,0,0,,Adaptive Frame*,QuickDot SAS*,,,,,,,,,,,
Vestian Dynasty,1100,3334276332,"""6917529537533315113""",,Legendary,Sidearm,campaign,Energy,Arc,1060,Stability,1,Vault,FALSE,FALSE,2,4,,100,90,51,64,0,0,43,260,29,12,35,0,0,0,,Precision Frame*,Extended Barrel*,Chambered Compensator,Alloy Magazine*,Armor-Piercing Rounds,Kill Clip*,Dragonfly*,Tier 1 Weapon*,Tracker Disabled*,Kill Tracker,Crucible Tracker,,
Vinegaroon-2si,1316,711899772,"""6917529533873747892""",,Rare,Sidearm,campaign,Energy,Solar,,,,Vault,FALSE,FALSE,2,4,,87,68,43,29,0,0,40,360,78,15,65,0,0,0,,Lightweight Frame*,Tactic SAS*,Target SAS,Drop Mag*,Opening Shot*,,,,,,,,
Vinegaroon-2si,1316,711899772,"""6917529533906495831""",,Rare,Sidearm,campaign,Energy,Solar,,,,Vault,FALSE,FALSE,2,4,,87,68,43,29,0,0,40,360,78,15,65,0,0,0,,Lightweight Frame*,Tactic SAS*,Target SAS,Drop Mag*,Opening Shot*,,,,,,,,
Belfry Bounty,1100,2295941920,"""6917529534634824294""",,Legendary,Sniper Rifle,edz,Energy,Arc,1060,,,Vault,FALSE,FALSE,1,2,,52,63,70,62,0,0,43,90,28,5,35,0,0,0,,Adaptive Frame*,Zoom 30 Focus*,Zoom 10 Point,Extended Mag*,Armor-Piercing Rounds,Auto-Loading Holster*,Arc Damage Mod*,Masterwork Upgrade*,,,,,
Bite of the Fox,1100,3169616514,"""6917529551845983334""",,Legendary,Sniper Rifle,ironbanner,KineticSlot,Kinetic,,Reload Speed,1,Vault,FALSE,FALSE,3,11,,68,41,90,82,0,0,28,72,33,4,32,0,0,0,,Aggressive Frame*,Hammer-Forged Rifling*,Polygonal Rifling,Appended Mag*,Alloy Magazine,Threat Detector*,Explosive Payload*,Tier 1 Weapon*,Tracker Disabled*,Kill Tracker,Crucible Tracker,,
D.A.R.C.I.,1312,3141979346,"""6917529517866935160""",,Exotic,Sniper Rifle,,Power,Arc,,Stability,10,Warlock(1321),FALSE,FALSE,1,1,,100,60,55,46,0,0,96,140,46,7,82,0,0,0,,Personal Assistant*,Extended Barrel*,Extended Mag*,Target Acquired*,Short-Action Stock*,D.A.R.C.I. Catalyst*,,,,,,,
Damietta-LR2,1311,4157959959,"""6917529519897145095""",,Rare,Sniper Rifle,campaign,Energy,Solar,,,,Vault,FALSE,FALSE,2,4,,64,39,90,84,0,0,25,72,34,3,39,0,0,0,,Aggressive Frame*,Ambush SLH25*,Longview SLR20,Accurized Rounds*,Dragonfly*,,,,,,,,
Damietta-LR2,1315,4157959959,"""6917529551981063439""",,Rare,Sniper Rifle,campaign,Energy,Solar,,,,Vault,FALSE,FALSE,2,4,,64,39,90,84,0,0,25,72,34,3,39,0,0,0,,Aggressive Frame*,Ambush SLH25*,Longview SLR20,Accurized Rounds*,Dragonfly*,,,,,,,,
Eye of Sol,1285,3164743584,"""6917529511619150264""",,Legendary,Sniper Rifle,trials,KineticSlot,Kinetic,,Range,1,Vault,FALSE,FALSE,4,14,,82,68,70,51,0,0,77,90,46,4,47,0,0,0,,Adaptive Frame*,Chambered Compensator*,Fluted Barrel,Steady Rounds*,Flared Magwell,Firmly Planted*,Wellspring*,Tier 1 Weapon*,Tracker Disabled*,Kill Tracker,Crucible Tracker,,
Frozen Orbit,1317,3473290087,"""6917529536060500654""",,Legendary,Sniper Rifle,crucible,Energy,Void,,Stability,1,Vault,FALSE,FALSE,4,13,,75,48,90,97,0,0,26,72,37,3,24,0,0,0,,Aggressive Frame*,Full Bore*,Hammer-Forged Rifling,Accurized Rounds*,Alloy Magazine,Genesis*,Box Breathing*,Tier 1 Weapon*,Tracker Disabled*,Kill Tracker,Crucible Tracker,,
Frozen Orbit,1307,3473290087,"""6917529517791230988""",,Legendary,Sniper Rifle,crucible,Energy,Void,,Handling,1,Vault,FALSE,FALSE,4,13,,75,48,90,84,0,0,39,72,37,3,24,0,0,0,,Aggressive Frame*,Full Bore*,Hammer-Forged Rifling,Steady Rounds*,Alloy Magazine,Moving Target*,Demolitionist*,Tier 1 Weapon*,Tracker Disabled*,Kill Tracker,Crucible Tracker,,
Frozen Orbit,1309,3473290087,"""6917529517795194752""",,Legendary,Sniper Rifle,crucible,Energy,Void,,Stability,2,Vault,FALSE,FALSE,4,13,,85,48,90,75,0,0,45,72,37,4,24,0,0,0,,Aggressive Frame*,Chambered Compensator*,Smallbore,Appended Mag*,Flared Magwell,Clown Cartridge*,Dragonfly*,Tier 2 Weapon*,Tracker Disabled*,Kill Tracker,Crucible Tracker,,
IKELOS_SR_v1.0.2,1165,1253087083,"""6917529443801650220""",,Legendary,Sniper Rifle,contact,Energy,Solar,,Range,1,Vault,FALSE,FALSE,3,11,,57,73,55,51,0,0,50,140,61,5,75,0,0,0,,Rapid-Fire Frame*,Corkscrew Rifling*,Polygonal Rifling,Accurized Rounds*,Steady Rounds,Moving Target*,Multikill Clip*,Tier 1 Weapon*,Tracker Disabled*,Kill Tracker,Crucible Tracker,,
IKELOS_SR_v1.0.2,1318,1253087083,"""6917529552472584490""",,Legendary,Sniper Rifle,contact,Energy,Solar,,Stability,1,Vault,FALSE,FALSE,3,11,,57,73,55,42,0,0,55,140,70,7,75,0,0,0,,Rapid-Fire Frame*,Corkscrew Rifling*,Polygonal Rifling,Tactical Mag*,Flared Magwell,Fourth Time's the Charm*,Multikill Clip*,Tier 1 Weapon*,Tracker Disabled*,Kill Tracker,Crucible Tracker,,
Long Shadow,1270,3745990145,"""6917529480718006864""",,Legendary,Sniper Rifle,strikes,KineticSlot,Kinetic,,Stability,3,Vault,FALSE,FALSE,3,11,,47,59,70,72,0,0,50,90,46,4,37,0,0,0,,Adaptive Frame*,ATB Long Range*,ATA Scout,Accurized Rounds*,Flared Magwell,Hip-Fire Grip*,Rampage*,Vanguard Veteran*,Tier 3 Weapon*,Tracker Disabled*,Kill Tracker,Crucible Tracker,
Occluded Finality,1306,852551895,"""6917529546508656325""",,Legendary,Sniper Rifle,ironbanner,Energy,Arc,,Range,3,Vault,FALSE,FALSE,4,14,,87,47,90,80,0,0,45,72,41,4,32,0,0,0,,Aggressive Frame*,Chambered Compensator*,Full Bore,Appended Mag*,Flared Magwell,No Distractions*,Elemental Capacitor*,Tier 3 Weapon*,Tracker Disabled*,Kill Tracker,Crucible Tracker,,
Occluded Finality,1284,852551895,"""6917529492236079006""",,Legendary,Sniper Rifle,ironbanner,Energy,Arc,,Handling,4,Vault,FALSE,FALSE,4,14,,77,47,90,86,0,0,41,72,54,3,41,0,0,0,,Aggressive Frame*,Hammer-Forged Rifling*,Smallbore,Flared Magwell*,Light Mag,Snapshot Sights*,Elemental Capacitor*,Tier 4 Weapon*,Tracker Disabled*,Kill Tracker,Crucible Tracker,,
Shepherd's Watch,1320,3743729616,"""6917529552462818076""",,Legendary,Sniper Rifle,legendaryengram,KineticSlot,Kinetic,,Stability,1,Vault,FALSE,FALSE,4,15,,100,60,70,61,0,0,49,90,43,4,53,0,0,0,,Adaptive Frame*,Arrowhead Brake*,Smallbore,Accurized Rounds*,Steady Rounds,No Distractions*,Snapshot Sights*,Tier 1 Weapon*,Tracker Disabled*,Kill Tracker,Crucible Tracker,,
Shepherd's Watch,1301,3743729616,"""6917529511385362012""",,Legendary,Sniper Rifle,legendaryengram,KineticSlot,Kinetic,,Handling,2,Vault,FALSE,FALSE,4,15,,100,60,70,61,0,0,48,90,43,4,55,0,0,0,,Adaptive Frame*,Arrowhead Brake*,Chambered Compensator,Accurized Rounds*,Appended Mag,Tunnel Vision*,Frenzy*,Tier 2 Weapon*,Tracker Disabled*,Kill Tracker,Crucible Tracker,,
Shepherd's Watch,1317,3743729616,"""6917529545630901157""",,Legendary,Sniper Rifle,legendaryengram,KineticSlot,Kinetic,,Reload Speed,4,Vault,FALSE,FALSE,4,15,,71,60,70,57,0,0,57,90,56,4,49,0,0,0,,Adaptive Frame*,Corkscrew Rifling*,Fluted Barrel,Tactical Mag*,Steady Rounds,Under Pressure*,Opening Shot*,Tier 4 Weapon*,Tracker Disabled*,Kill Tracker,Crucible Tracker,,
Shepherd's Watch,1317,3743729616,"""6917529519927369048""",,Legendary,Sniper Rifle,legendaryengram,KineticSlot,Kinetic,,Stability,2,Vault,FALSE,FALSE,4,15,,81,60,70,61,0,0,54,90,52,4,35,0,0,0,,Adaptive Frame*,Extended Barrel*,Polygonal Rifling,Tactical Mag*,Flared Magwell,No Distractions*,Demolitionist*,Tier 2 Weapon*,Tracker Disabled*,Kill Tracker,Crucible Tracker,,
Tongeren-LR3,1314,4157959956,"""6917529528971139278""",,Rare,Sniper Rifle,campaign,Energy,Arc,,,,Vault,FALSE,FALSE,2,4,,48,66,55,46,0,0,47,140,57,5,66,0,0,0,,Rapid-Fire Frame*,Longview SLR20*,Longview SLR10,Ricochet Rounds*,Field Prep*,,,,,,,,
Widow's Bite,1314,1271343896,"""6917529519941846078""",,Legendary,Sniper Rifle,dungeon,Energy,Solar,,Reload Speed,2,Vault,FALSE,FALSE,3,11,,60,69,55,41,0,0,46,140,62,5,74,0,0,0,,Rapid-Fire Frame*,Corkscrew Rifling*,Smallbore,Alloy Magazine*,Flared Magwell,Firmly Planted*,Disruption Break*,Tier 2 Weapon*,Tracker Disabled*,Kill Tracker,Crucible Tracker,,
Widow's Bite,1319,1271343896,"""6917529534490283679""",,Legendary,Sniper Rifle,dungeon,Energy,Solar,,Range,1,Vault,FALSE,FALSE,3,11,,70,69,55,37,0,0,50,140,42,7,65,0,0,0,,Rapid-Fire Frame*,Chambered Compensator*,Extended Barrel,Extended Mag*,Alloy Magazine,Feeding Frenzy*,Opening Shot*,Tier 1 Weapon*,Tracker Disabled*,Kill Tracker,Crucible Tracker,,
Widow's Bite,1293,1271343896,"""6917529501954559680""",,Legendary,Sniper Rifle,dungeon,Energy,Solar,,Range,3,Vault,FALSE,FALSE,3,11,,70,69,55,48,0,0,50,140,60,5,65,0,0,0,,Rapid-Fire Frame*,Chambered Compensator*,Smallbore,Accurized Rounds*,Extended Mag,Slideshot*,Demolitionist*,Freehand Grip*,Tier 3 Weapon*,Tracker Disabled*,Kill Tracker,Crucible Tracker,
Borrowed Time,1237,875848769,"""6917529450875975078""",,Legendary,Submachine Gun,drifter,Energy,Solar,,Reload Speed,3,Vault,FALSE,FALSE,4,14,,82,38,22,43,0,0,31,750,32,26,70,0,0,0,,Aggressive Frame*,Fluted Barrel*,Full Bore,Alloy Magazine*,High-Caliber Rounds,Dynamic Sway Reduction*,Demolitionist*,Tier 3 Weapon*,Tracker Disabled*,Kill Tracker,Crucible Tracker,,
Borrowed Time,1288,875848769,"""6917529499691347480""",,Legendary,Submachine Gun,drifter,Energy,Solar,,Range,3,Vault,FALSE,FALSE,4,14,,82,38,22,50,0,0,31,750,30,28,61,0,0,0,,Aggressive Frame*,Corkscrew Rifling*,Smallbore,Appended Mag*,Armor-Piercing Rounds,Tunnel Vision*,Frenzy*,Tier 3 Weapon*,Tracker Disabled*,Kill Tracker,Crucible Tracker,,
Death Adder,1277,2742490609,"""6917529485914308543""",,Legendary,Submachine Gun,dungeon,Energy,Solar,,Reload Speed,1,Vault,FALSE,FALSE,3,11,,95,55,15,36,0,0,60,900,34,37,68,0,0,0,,Lightweight Frame*,Corkscrew Rifling*,Polygonal Rifling,Steady Rounds*,Flared Magwell,Subsistence*,Dragonfly*,Radar Tuner*,Tier 1 Weapon*,Tracker Disabled*,Kill Tracker,Crucible Tracker,
Death Adder,1287,2742490609,"""6917529499671281830""",,Legendary,Submachine Gun,dungeon,Energy,Solar,,Stability,3,Vault,FALSE,FALSE,3,11,,100,55,15,36,0,0,58,900,42,38,60,0,0,0,,Lightweight Frame*,Chambered Compensator*,Polygonal Rifling,Tactical Mag*,Extended Mag,Dynamic Sway Reduction*,Quickdraw*,Tier 3 Weapon*,Tracker Disabled*,Kill Tracker,Crucible Tracker,,
Furina-2mg,1319,3383958217,"""6917529534631842387""",,Rare,Submachine Gun,campaign,Energy,Void,,,,Vault,FALSE,FALSE,2,4,,87,43,15,25,0,0,50,900,40,37,79,0,0,0,,Lightweight Frame*,Fluted Barrel*,Smallbore,Tactical Mag*,Snapshot Sights*,,,,,,,,
Harmony-21,1311,3383958216,"""6917529517803187651""",,Rare,Submachine Gun,campaign,Energy,Arc,,,,Vault,FALSE,FALSE,2,4,,90,44,20,42,0,0,39,900,51,35,61,0,0,0,,Adaptive Frame*,SLO-21 Post*,SPO-57 Front,Appended Mag*,Grave Robber*,,,,,,,,
IKELOS_SMG_v1.0.2,1302,2222560548,"""6917529480826280354""",,Legendary,Submachine Gun,contact,Energy,Arc,,Handling,2,Vault,FALSE,FALSE,3,11,,90,42,22,63,0,0,39,750,32,32,75,0,0,0,,Aggressive Frame*,Full Bore,Hammer-Forged Rifling*,Appended Mag*,Alloy Magazine,Threat Detector*,Demolitionist*,Tier 2 Weapon*,Tracker Disabled*,Kill Tracker,Crucible Tracker,,
Multimach CCX,1317,3717177717,"""6917529551876666963""",,Legendary,Submachine Gun,ironbanner,KineticSlot,Kinetic,,Range,4,Hunter(1331),FALSE,FALSE,4,13,,100,55,15,40,0,0,58,900,33,36,82,0,0,0,,Lightweight Frame*,IS 2 Classic*,IS 5 Circle,Steady Rounds*,Flared Magwell,Dynamic Sway Reduction*,Kill Clip*,Tier 4 Weapon*,Tracker Disabled*,Kill Tracker,Crucible Tracker,,
Multimach CCX,1270,3717177717,"""6917529461996444967""",,Legendary,Submachine Gun,ironbanner,KineticSlot,Kinetic,,Range,1,Vault,FALSE,FALSE,4,13,,100,55,15,60,0,0,22,900,42,37,82,0,0,0,,Lightweight Frame*,IS 2 Classic*,Model 6 Loop,Tactical Mag*,Extended Mag,Threat Detector*,Iron Reach*,Molten Bronze*,Tier 1 Weapon*,Tracker Disabled*,Kill Tracker,Crucible Tracker,
Riskrunner,1320,3089417789,"""6917529538656201959""",,Exotic,Submachine Gun,,Energy,Arc,,Range,10,Vault,FALSE,FALSE,1,1,,100,50,20,82,0,0,60,900,24,41,74,0,0,0,,Arc Conductor*,Arrowhead Brake*,Extended Mag*,Superconductor*,Short-Action Stock*,Riskrunner Catalyst*,,,,,,,
Seventh Seraph VY-7,1312,766323545,"""6917529519862582937""",,Legendary,Submachine Gun,seasonpass,Energy,Arc,,Reload Speed,1,Vault,FALSE,FALSE,3,10,,100,57,25,59,0,0,52,600,37,28,37,0,0,0,,Precision Frame*,Arrowhead Brake*,Fluted Barrel,Tactical Mag*,Steady Rounds,Fourth Time's the Charm*,Dragonfly*,Tier 1 Weapon*,Tracker Disabled*,Kill Tracker,Crucible Tracker,,
Shayura's Wrath,1289,3682803680,"""6917529513940896300""",,Legendary,Submachine Gun,trials,Energy,Void,,Handling,4,Vault,FALSE,FALSE,4,14,,100,60,25,72,0,0,50,600,32,27,47,0,0,0,,Precision Frame*,Arrowhead Brake*,Fluted Barrel,Accurized Rounds*,Extended Mag,Hip-Fire Grip*,Adrenaline Junkie*,Tier 4 Weapon*,Tracker Disabled*,Kill Tracker,Crucible Tracker,,
Shayura's Wrath,1312,3682803680,"""6917529513924880978""",,Legendary,Submachine Gun,trials,Energy,Void,,Reload Speed,5,Vault,FALSE,FALSE,4,14,,95,60,25,72,0,0,59,600,54,27,52,0,0,0,,Precision Frame*,Chambered Compensator,Polygonal Rifling*,Accurized Rounds*,Tactical Mag,Dynamic Sway Reduction*,Celerity*,Tier 5 Weapon*,Tracker Disabled*,Kill Tracker,Crucible Tracker,,
Stochastic Variable,1300,2272470786,"""6917529538261273771""",,Legendary,Submachine Gun,legendaryengram,Energy,Arc,,Handling,2,Vault,FALSE,FALSE,4,14,,100,52,15,40,0,0,50,900,34,38,52,0,0,0,,Lightweight Frame*,Chambered Compensator*,Full Bore,Appended Mag*,High-Caliber Rounds,Phase Magazine,Zen Moment*,Multikill Clip*,Tier 2 Weapon*,Tracker Disabled*,Kill Tracker,Crucible Tracker,
Stochastic Variable,1268,2272470786,"""6917529492937175500""",,Legendary,Submachine Gun,legendaryengram,Energy,Arc,,Handling,1,Vault,FALSE,FALSE,4,14,,100,52,15,40,0,0,50,900,34,36,51,0,0,0,,Lightweight Frame*,Chambered Compensator*,Hammer-Forged Rifling,Alloy Magazine*,Appended Mag,Flared Magwell,Under Pressure*,Multikill Clip*,Tier 1 Weapon*,Tracker Disabled*,Kill Tracker,Crucible Tracker,
Stochastic Variable,1315,2272470786,"""6917529519912423431""",,Legendary,Submachine Gun,legendaryengram,Energy,Arc,,Reload Speed,1,Vault,FALSE,FALSE,4,14,,100,52,15,40,0,0,42,900,17,40,64,0,0,0,,Lightweight Frame*,Arrowhead Brake*,Smallbore,Extended Mag*,Appended Mag,High-Caliber Rounds,Under Pressure*,Wellspring*,Tier 1 Weapon*,Tracker Disabled*,Kill Tracker,Crucible Tracker,
The Huckleberry,1320,2286143274,"""6917529542785021415""",,Exotic,Submachine Gun,,KineticSlot,Kinetic,,,10,Hunter(1331),FALSE,TRUE,1,3,,100,49,22,58,0,0,56,750,10,37,87,0,0,0,,Ride the Bull*,Fluted Barrel*,Ricochet Rounds*,Rampage*,Short-Action Stock*,Huckleberry Catalyst*,,,,,,,
The Huckleberry,1320,2286143274,"""6917529542776128110""",,Exotic,Submachine Gun,,KineticSlot,Kinetic,,,10,Vault,FALSE,FALSE,1,3,,100,49,22,58,0,0,56,750,10,37,87,0,0,0,,Ride the Bull*,Fluted Barrel*,Ricochet Rounds*,Rampage*,Short-Action Stock*,Huckleberry Catalyst*,,,,,,,
Complex Solution,1100,287042893,"""6917529538588431511""",,Legendary,Sword,edz,Power,Void,1060,Impact,5,Vault,FALSE,FALSE,1,1,,0,0,63,0,0,0,0,0,0,63,0,0,0,0,,Adaptive Frame*,Tempered Edge*,Hungry Edge,Enduring Guard*,Balanced Guard,Tireless Blade*,Void Damage Mod*,Masterwork Weapon*,,,,,
Falling Guillotine,1100,614426548,"""6917529551855428533""",,Legendary,Sword,seasonpass,Power,Void,,Impact,1,Warlock(1321),FALSE,FALSE,3,11,,0,0,60,0,0,0,0,0,0,64,0,0,0,0,,Vortex Frame*,Hungry Edge*,Honed Edge,Tempered Edge,Enduring Guard*,Swordmaster's Guard,Tireless Blade*,Whirlwind Blade*,Tier 1 Weapon*,Tracker Disabled*,Kill Tracker,Crucible Tracker,
Future Imperfect,1302,2891976012,"""6917529545564287366""",,Rare,Sword,campaign,Power,Solar,,,,Vault,FALSE,FALSE,2,4,,0,0,61,0,0,0,0,0,0,61,0,0,0,0,,Adaptive Frame*,Tempered Edge*,Hungry Edge,Enduring Guard*,En Garde*,,,,,,,,
Half-Truths,1317,3257091166,"""6917529552515965497""",,Legendary,Sword,30th,Power,Arc,,Impact,3,Hunter(1331),FALSE,TRUE,4,15,,0,0,59,0,0,0,0,0,0,68,0,0,0,0,,Adaptive Frame*,Enduring Blade*,Jagged Edge,Tempered Edge,Burst Guard*,Enduring Guard,Tireless Blade*,En Garde*,Tier 3 Weapon*,Tracker Disabled*,Kill Tracker,Crucible Tracker,
Half-Truths,1317,3257091166,"""6917529552515963365""",,Legendary,Sword,30th,Power,Arc,,Impact,5,Vault,FALSE,FALSE,4,15,,0,0,64,0,0,0,0,0,0,61,0,0,0,0,,Adaptive Frame*,Honed Edge*,Jagged Edge,Tempered Edge,Balanced Guard*,Enduring Guard,Duelist's Trance*,En Garde*,Tier 5 Weapon*,Tracker Disabled*,Kill Tracker,Crucible Tracker,
Half-Truths,1317,3257091166,"""6917529552515963210""",,Legendary,Sword,30th,Power,Arc,,Impact,3,Vault,FALSE,FALSE,4,15,,0,0,61,0,0,0,0,0,0,70,0,0,0,0,,Adaptive Frame*,Hungry Edge*,Jagged Edge,Tempered Edge,Burst Guard*,Enduring Guard,Relentless Strikes*,Eager Edge*,Backup Mag*,Tier 3 Weapon*,Tracker Disabled*,Kill Tracker,Crucible Tracker
Half-Truths,1289,3257091166,"""6917529545537369979""",,Legendary,Sword,30th,Power,Arc,,Impact,5,Vault,FALSE,FALSE,4,15,,0,0,62,0,0,0,0,0,0,65,0,0,0,0,,Adaptive Frame*,Hungry Edge*,Honed Edge,Jagged Edge,Heavy Guard*,Swordmaster's Guard,Duelist's Trance*,Harmony*,Tier 5 Weapon*,Tracker Disabled*,Kill Tracker,Crucible Tracker,
Honor's Edge,1294,2857348871,"""6917529519848536289""",,Legendary,Sword,legendaryengram,Power,Arc,,Impact,2,Titan(1324),FALSE,FALSE,3,10,,0,0,63,0,0,0,0,0,0,62,0,0,0,0,,Adaptive Frame*,Honed Edge*,Tempered Edge,Burst Guard*,Enduring Guard,Energy Transfer*,Shattering Blade*,Tier 2 Weapon*,Tracker Disabled*,Kill Tracker,Crucible Tracker,,
Negative Space,1318,3629968765,"""6917529538500706838""",,Legendary,Sword,dungeon,Power,Solar,,Impact,3,Warlock(1321),FALSE,FALSE,3,11,,0,0,59,0,0,0,0,0,0,67,0,0,0,0,,Adaptive Frame*,Enduring Blade*,Tempered Edge,Balanced Guard*,Enduring Guard,Energy Transfer*,Surrounded*,Tier 3 Weapon*,Tracker Disabled*,Kill Tracker,Crucible Tracker,,
Negative Space,1316,3629968765,"""6917529528965446124""",,Legendary,Sword,dungeon,Power,Solar,,Impact,1,Vault,FALSE,FALSE,3,11,,0,0,64,0,0,0,0,0,0,56,0,0,0,0,,Adaptive Frame*,Jagged Edge*,Tempered Edge,Burst Guard*,Swordmaster's Guard,Tireless Blade*,Counterattack*,Tier 1 Weapon*,Tracker Disabled*,Kill Tracker,Crucible Tracker,,
Negative Space,1286,3629968765,"""6917529490929793480""",,Legendary,Sword,dungeon,Power,Solar,,Impact,3,Vault,FALSE,FALSE,3,11,,0,0,59,0,0,0,0,0,0,67,0,0,0,0,,Adaptive Frame*,Enduring Blade*,Jagged Edge,Balanced Guard*,Enduring Guard,Energy Transfer*,Disruption Break*,Tier 3 Weapon*,Tracker Disabled*,Kill Tracker,Crucible Tracker,,
Quickfang,1312,2782325300,"""6917529517844079286""",,Legendary,Sword,legendaryengram,Power,Void,,Impact,3,Vault,FALSE,FALSE,4,14,,0,0,59,0,0,0,0,0,0,80,0,0,0,0,,Lightweight Frame*,Enduring Blade*,Honed Edge,Jagged Edge,Swordmaster's Guard*,Energy Transfer*,Assassin's Blade*,Tier 3 Weapon*,Tracker Disabled*,Kill Tracker,Crucible Tracker,,
Quickfang,1303,2782325300,"""6917529511669862594""",,Legendary,Sword,legendaryengram,Power,Void,,Impact,1,Vault,FALSE,FALSE,4,14,,0,0,60,0,0,0,0,0,0,78,0,0,0,0,,Lightweight Frame*,Hungry Edge*,Enduring Blade,Honed Edge,Swordmaster's Guard*,Tireless Blade*,Flash Counter*,Tier 1 Weapon*,Tracker Disabled*,Kill Tracker,Crucible Tracker,,
Quickfang,1319,2782325300,"""6917529554409483991""",,Legendary,Sword,legendaryengram,Power,Void,,Impact,3,Vault,FALSE,FALSE,4,14,,0,0,59,0,0,0,0,0,0,80,0,0,0,0,,Lightweight Frame*,Enduring Blade*,Honed Edge,Jagged Edge,Swordmaster's Guard*,Energy Transfer*,One for All*,Tier 3 Weapon*,Tracker Disabled*,Kill Tracker,Crucible Tracker,,
Quickfang,1316,2782325300,"""6917529517920853562""",,Legendary,Sword,legendaryengram,Power,Void,,Impact,3,Vault,FALSE,FALSE,4,14,,0,0,61,0,0,0,0,0,0,78,0,0,0,0,,Lightweight Frame*,Hungry Edge*,Honed Edge,Tempered Edge,Swordmaster's Guard*,Tireless Blade*,Assassin's Blade*,Tarnished Copper*,Tier 3 Weapon*,Tracker Disabled*,Kill Tracker,Crucible Tracker,
Prometheus Lens,1282,19024058,"""6917529486455521777""",,Exotic,Trace Rifle,,Energy,Solar,,,10,Vault,FALSE,FALSE,1,2,,100,100,6,73,0,0,64,1000,46,100,42,0,0,0,,Prismatic Inferno*,Chambered Compensator*,Projection Fuse*,Flame Refraction*,Composite Stock*,Prometheus Catalyst*,,,,,,,
Retraced Path,1317,548958835,"""6917529552511051220""",,Legendary,Trace Rifle,30th,Energy,Solar,,Handling,2,Vault,FALSE,FALSE,4,15,,100,100,6,68,0,0,86,1000,50,94,62,0,0,0,,Adaptive Frame*,Arrowhead Brake*,Chambered Compensator,Particle Repeater*,Light Battery,Killing Wind*,Harmony*,Tier 2 Weapon*,Tracker Disabled*,Kill Tracker,Crucible Tracker,,
Retraced Path,1317,548958835,"""6917529552515962696""",,Legendary,Trace Rifle,30th,Energy,Solar,,Handling,2,Vault,FALSE,FALSE,4,15,,100,100,6,77,0,0,78,1000,32,104,44,0,0,0,,Adaptive Frame*,Extended Barrel*,Smallbore,Ionized Battery*,Projection Fuse,Shoot to Loot*,Frenzy*,Tier 2 Weapon*,Tracker Disabled*,Kill Tracker,Crucible Tracker,,
Retraced Path,1317,548958835,"""6917529552515971044""",,Legendary,Trace Rifle,30th,Energy,Solar,,Stability,3,Vault,FALSE,FALSE,4,15,,100,100,6,68,0,0,80,1000,32,104,60,0,0,0,,Adaptive Frame*,Arrowhead Brake*,Extended Barrel,Ionized Battery*,Tactical Battery,Genesis*,Frenzy*,Tier 3 Weapon*,Tracker Disabled*,Kill Tracker,Crucible Tracker,,
Retraced Path,1304,548958835,"""6917529545570416110""",,Legendary,Trace Rifle,30th,Energy,Solar,,Reload Speed,1,Vault,FALSE,FALSE,4,15,,94,100,6,68,0,0,82,1000,51,100,65,0,0,0,,Adaptive Frame*,Fluted Barrel*,Smallbore,Enhanced Battery*,Ionized Battery,Genesis*,Golden Tricorn*,Tier 1 Weapon*,Tracker Disabled*,Kill Tracker,Crucible Tracker,,
Wavesplitter,1318,1852863732,"""6917529533519734610""",,Exotic,Trace Rifle,,Energy,Void,,,,Vault,FALSE,FALSE,2,4,,100,100,6,70,0,0,96,1000,50,100,51,0,0,0,,Harmonic Laser*,Polygonal Rifling*,Enhanced Battery*,Supercharged Battery*,Fitted Stock*,Tracker Disabled*,Kill Tracker,Crucible Tracker,Empty Catalyst Socket*,,,,
