Name,Hash,Id,Tag,Tier,Type,Source,Equippable,Power,Power Limit,Masterwork Type,Masterwork Tier,Owner,Armor2.0,Locked,Equipped,Year,Season,Event,Mobility,Resilience,Recovery,Discipline,Intellect,Strength,Total,Custom,Mobility (Base),Resilience (Base),Recovery (Base),Discipline (Base),Intellect (Base),Strength (Base),Total (Base),Custom (Base),Seasonal Mod,Notes,Perks 0,Perks 1,Perks 2,Perks 3,Perks 4,Perks 5,Perks 6,Perks 7,Perks 8,Perks 9,Perks 10
Thorium Holt Gloves,2618290591,"""6917529770282317309""",,Legendary,Gauntlets,legendaryengram,Warlock,1495,,Void Energy Capacity,2,Warlock(1396),true,false,false,4,13,,9,18,2,2,9,17,57,0,9,18,2,2,9,17,57,0,combatstyle,,Upgrade Armor*,*,*,*,*,,,,,,
Atonement Tau,3391214896,"""6917529611060895092""",,Rare,Chest Armor,campaign,Warlock,1350,,Arc Energy Capacity,5,Warlock(1396),true,false,false,2,4,,12,12,2,8,6,12,52,0,12,12,2,8,6,12,52,0,,,Upgrade Armor*,*,*,*,*,,,,,,
Chromatic Fire,4057299718,"""6917529676343614180""",,Exotic,Chest Armor,,Warlock,1508,,Void Energy Capacity,1,Warlock(1396),true,false,false,2,4,,6,8,11,6,6,10,47,0,6,8,11,6,6,10,47,0,combatstyle,,Change Energy Type*,*,*,*,*,Crystalline Transistor*,,,,,
Simulator Hood,2538410394,"""6917529584137324270""",,Legendary,Helmet,fwc,Warlock,1350,,Arc Energy Capacity,3,Warlock(1396),true,false,true,3,10,,8,17,2,8,12,6,53,0,8,17,2,8,12,6,53,0,combatstyle,,Mercury Vex Chrome*,Upgrade Armor*,*,*,*,*,,,,,
Anti-Extinction Gloves,1600224949,"""6917529584137327906""",,Legendary,Gauntlets,do,Warlock,1350,,Arc Energy Capacity,3,Warlock(1396),true,false,true,3,10,,8,2,16,2,19,6,53,0,8,2,16,2,19,6,53,0,combatstyle,,Shattered Sinew*,Upgrade Armor*,*,*,*,*,Philomath Gloves*,,,,
Prodigal Robes,571127634,"""6917529606062686888""",,Legendary,Chest Armor,legendaryengram,Warlock,1350,,Solar Energy Capacity,1,Warlock(1396),true,false,true,4,15,,6,7,16,14,2,10,55,0,6,7,16,14,2,10,55,0,combatstyle,,Monochromatic*,Change Energy Type*,*,*,*,*,Opulent Scholar Robes*,,,,
Prodigal Steps,4053460984,"""6917529545544305321""",,Legendary,Leg Armor,legendaryengram,Warlock,1350,,Arc Energy Capacity,3,Warlock(1396),true,false,true,4,15,,11,2,13,2,10,14,52,0,11,2,13,2,10,14,52,0,combatstyle,,Precursor Vex Chrome*,Upgrade Armor*,*,*,*,*,Meridian Constellation Pants*,,,,
Entanglement Bond,2657180960,"""6917529584137331939""",,Legendary,Warlock Bond,fwc,Warlock,1350,,Arc Energy Capacity,4,Warlock(1396),true,false,true,3,10,,0,0,0,0,0,0,0,0,0,0,0,0,0,0,0,0,combatstyle,,Wicked Overgrowth*,Upgrade Armor*,,,,,,,,,
Tangled Web Mask,141163281,"""6917529791392685081""",,Legendary,Helmet,legendaryengram,Hunter,1551,,Stasis Cost,2,Hunter(1535),true,false,false,4,15,,13,6,6,13,7,7,52,0,13,6,6,13,7,7,52,0,combatstyle,,Upgrade Armor*,*,*,*,*,,,,,,
War Mantis,856745412,"""6917529791400863210""",,Rare,Helmet,campaign,Hunter,1551,,Void Energy Capacity,5,Hunter(1535),true,false,false,2,4,,2,6,17,16,6,2,49,0,2,6,17,16,6,2,49,0,,,Upgrade Armor*,*,*,*,*,,,,,,
Dead End Cure 2.1,3064716714,"""6917529758355441461""",junk,Legendary,Helmet,legendaryengram,Hunter,1543,,Solar Energy Capacity,1,Hunter(1535),true,false,false,4,15,,2,18,8,2,12,10,52,0,2,18,8,2,12,10,52,0,combatstyle,,Change Energy Type*,*,*,*,*,,,,,,
Shadow Specter,3160437036,"""6917529791407407754""",,Rare,Gauntlets,campaign,Hunter,1553,,Arc Energy Capacity,5,Hunter(1535),true,false,false,2,4,,13,7,6,6,2,16,50,0,13,7,6,6,2,16,50,0,,,Upgrade Armor*,*,*,*,*,,,,,,
Liar's Handshake,4165919945,"""6917529778281259960""",,Exotic,Gauntlets,,Hunter,1547,,Stasis Cost,4,Hunter(1535),true,false,false,2,6,,16,9,8,10,7,13,63,0,16,9,8,10,7,13,63,0,combatstyle,,Upgrade Armor*,*,*,*,*,Cross Counter*,,,,,
Iron Forerunner Vest,1615052875,"""6917529748344138115""",keep,Legendary,Chest Armor,ironbanner,Hunter,1527,,Solar Energy Capacity,1,Hunter(1535),true,true,false,4,15,,10,17,2,23,8,2,62,0,10,17,2,23,8,2,62,0,combatstyle,,Change Energy Type*,*,*,*,*,Iron Lord's Pride*,,,,,
St0mp-EE5,193869520,"""6917529507256542384""",favorite,Exotic,Leg Armor,,Hunter,1514,,Arc Energy Capacity,1,Hunter(1535),true,true,false,1,1,,8,24,2,9,15,7,65,0,8,24,2,9,15,7,65,0,combatstyle,,Mercury Vex Chrome*,Change Energy Type*,*,*,*,*,Hydraulic Boosters*,,,,
Sovereign Boots,869711119,"""6917529790925423916""",,Legendary,Leg Armor,nm,Hunter,1550,,Solar Energy Capacity,4,Hunter(1535),true,false,false,3,10,,7,12,10,21,6,2,58,0,7,12,10,21,6,2,58,0,combatstyle,,Upgrade Armor*,*,*,*,*,,,,,,
Insight Rover Boots,2905153902,"""6917529790972545316""",,Legendary,Leg Armor,legendaryengram,Hunter,1558,,Arc Energy Capacity,3,Hunter(1535),true,false,false,3,11,,9,2,18,11,8,8,56,0,9,2,18,11,8,8,56,0,combatstyle,,Upgrade Armor*,*,*,*,*,,,,,,
Shadow Specter,4230626646,"""6917529791407402558""",,Rare,Leg Armor,campaign,Hunter,1553,,Solar Energy Capacity,5,Hunter(1535),true,false,false,2,4,,6,16,2,10,7,6,47,0,6,16,2,10,7,6,47,0,,,Upgrade Armor*,*,*,*,*,,,,,,
Be Thy Guide,4121880513,"""6917529570859979416""",,Legendary,Hunter Cloak,legendaryengram,Hunter,1427,,Arc Energy Capacity,7,Hunter(1535),true,true,false,4,15,,0,0,5,0,0,0,5,0,0,0,0,0,0,0,0,0,combatstyle,,Minor Recovery Mod*,Distribution*,Shield Break Charge*,Time-Honored*,Upgrade Armor*,Cinder Pinion Cloak*,,,,,
Airhead Hood,2751794833,"""6917529790943875650""",,Legendary,Hunter Cloak,,Hunter,1553,,Void Energy Capacity,3,Hunter(1535),true,false,false,4,12,,0,0,0,0,0,0,0,0,0,0,0,0,0,0,0,0,combatstyle,,Upgrade Armor*,,,,,,,,,,
Medal Mantle,223597399,"""6917529745839316132""",,Legendary,Hunter Cloak,events,Hunter,1522,,Arc Energy Capacity,1,Hunter(1535),true,true,false,5,16,Guardian Games,0,0,0,0,0,0,0,0,0,0,0,0,0,0,0,0,combatstyle,,Rustberry*,Change Energy Type*,,,,,,,,,
Clandestine Maneuvers,265279665,"""6917529758399810275""",,Legendary,Hunter Cloak,legendaryengram,Hunter,1538,,Solar Energy Capacity,5,Hunter(1535),true,false,false,3,11,,0,0,0,0,0,0,0,0,0,0,0,0,0,0,0,0,combatstyle,,Cryptic Insignia*,Upgrade Armor*,Prodigal Cloak*,,,,,,,,
Icarus Drifter Vest,1399263478,"""6917529789857387461""",,Legendary,Chest Armor,legendaryengram,Hunter,1555,,Arc Energy Capacity,1,Hunter(1535),true,false,false,3,11,,13,2,11,8,6,13,53,0,13,2,11,8,6,13,53,0,combatstyle,,Change Energy Type*,*,*,*,*,,,,,,
War Mantis,803939997,"""6917529790903179463""",,Rare,Gauntlets,campaign,Hunter,1550,,Arc Energy Capacity,5,Hunter(1535),true,false,false,2,4,,14,20,18,0,0,0,52,0,14,20,18,0,0,0,52,0,,,Upgrade Armor*,*,*,*,*,,,,,,
Mythos Hack 4.1,747210772,"""6917529790908356465""",,Rare,Chest Armor,campaign,Hunter,1551,,Arc Energy Capacity,5,Hunter(1535),true,false,false,2,4,,10,2,10,16,6,2,46,0,10,2,10,16,6,2,46,0,,,Metallic Sunset*,Upgrade Armor*,*,*,*,*,,,,,
The Outlander's Cover,1992338980,"""6917529790908359883""",,Rare,Helmet,campaign,Hunter,1550,,Solar Energy Capacity,5,Hunter(1535),true,false,false,2,4,,6,2,16,12,11,2,49,0,6,2,16,12,11,2,49,0,,,Upgrade Armor*,*,*,*,*,,,,,,
Shadow Specter,3309120116,"""6917529790920013309""",,Rare,Chest Armor,campaign,Hunter,1551,,Arc Energy Capacity,5,Hunter(1535),true,false,false,2,4,,11,10,2,11,6,6,46,0,11,10,2,11,6,6,46,0,,,Upgrade Armor*,*,*,*,*,,,,,,
War Mantis,856745412,"""6917529790920014718""",,Rare,Helmet,campaign,Hunter,1548,,Void Energy Capacity,5,Hunter(1535),true,false,false,2,4,,17,2,6,12,2,10,49,0,17,2,6,12,2,10,49,0,,,Upgrade Armor*,*,*,*,*,,,,,,
Nea-Thonis Breather,3124726865,"""6917529666188980439""",keep,Legendary,Helmet,tangled,Hunter,1521,,Arc Energy Capacity,10,Hunter(1535),true,true,true,4,12,,10,8,25,15,15,4,77,0,8,6,13,13,13,2,55,0,combatstyle,,Recovery Mod*,Auto Rifle Targeting*,Harmonic Siphon*,Taking Charge*,Upgrade Armor*,*,*,*,*,Meridian Constellation Helmet*,
Holdfast Grips,3750210364,"""6917529517874639313""",favorite,Legendary,Gauntlets,seasonpass,Hunter,1530,,Void Energy Capacity,5,Hunter(1535),true,false,true,3,11,,18,13,7,9,18,6,71,0,18,13,2,9,18,6,66,0,combatstyle,,Minor Recovery Mod*,Fastball*,Bolstering Detonation*,Shield Break Charge*,Mercurian Sunrise*,Upgrade Armor*,*,*,*,*,Wild Hunt Grasps*
The Sixth Coyote,1474735277,"""6917529610174177879""",,Exotic,Chest Armor,,Hunter,1522,,Arc Energy Capacity,5,Hunter(1535),true,true,true,2,4,,26,7,3,8,19,14,77,0,26,7,3,8,9,14,67,0,combatstyle,,Intellect Mod*,Upgrade Armor*,*,*,*,*,Double Dodge*,,,,
Errant Knight 1.0,3166972772,"""6917529593030877004""",,Legendary,Leg Armor,legendaryengram,Hunter,1527,,Arc Energy Capacity,7,Hunter(1535),true,true,true,4,12,,19,10,12,6,14,9,70,0,19,10,2,6,14,9,60,0,combatstyle,,Recovery Mod*,Auto Rifle Holster*,Invigoration*,Byzantium Lotus*,Upgrade Armor*,*,*,*,*,Wild Hunt Strides*,
Prodigal Cloak,3356846604,"""6917529775318053161""",,Legendary,Hunter Cloak,legendaryengram,Hunter,1551,,Solar Energy Capacity,4,Hunter(1535),true,false,true,4,15,,0,0,0,0,0,0,0,0,0,0,0,0,0,0,0,0,combatstyle,,Welded Brass*,Upgrade Armor*,Kairos Function Cloak*,,,,,,,,
Torobatl Celebration Mask,64566999,"""6917529611074207623""",,Legendary,Helmet,tangled,Titan,1350,,Stasis Cost,2,Titan(1373),true,false,true,4,12,,10,13,2,15,7,7,54,0,10,13,2,15,7,7,54,0,combatstyle,,Upgrade Armor*,*,*,*,*,Meridian Constellation Helm*,,,,,
Citan's Ramparts,1190497097,"""6917529551855429034""",,Exotic,Gauntlets,,Titan,1350,,Void Energy Capacity,1,Titan(1373),true,false,true,3,10,,2,14,15,2,16,13,62,0,2,14,15,2,16,13,62,0,combatstyle,,Mercury Vex Chrome*,Change Energy Type*,*,*,*,*,Assault Barricade*,,,,
Devastation Complex,385985080,"""6917529558308460334""",,Legendary,Chest Armor,legendaryengram,Titan,1350,,Void Energy Capacity,1,Titan(1373),true,false,true,4,15,,13,7,9,6,12,6,53,0,13,7,9,6,12,6,53,0,combatstyle,,Atmospheric Glow*,Change Energy Type*,*,*,*,*,,,,,
Mimetic Savior Greaves,4293588774,"""6917529545587457770""",,Legendary,Leg Armor,legendaryengram,Titan,1350,,Arc Energy Capacity,2,Titan(1373),true,false,true,4,13,,11,2,11,2,10,12,48,0,11,2,11,2,10,12,48,0,combatstyle,,Atmospheric Glow*,Upgrade Armor*,*,*,*,*,Anti-Extinction Greaves*,,,,
Iron Forerunner Mark,3591512190,"""6917529551867020407""",,Legendary,Titan Mark,ironbanner,Titan,1350,,Arc Energy Capacity,3,Titan(1373),true,false,true,4,15,,0,0,0,0,0,0,0,0,0,0,0,0,0,0,0,0,combatstyle,,Golden Trace*,Upgrade Armor*,Iron Lord's Pride*,,,,,,,,
Doom Fang Pauldron,241462141,"""6917529635912085860""",,Exotic,Gauntlets,,Titan,1360,,Void Energy Capacity,1,Vault,true,false,false,1,1,,10,7,7,6,6,12,48,0,10,7,7,6,6,12,48,0,combatstyle,,Change Energy Type*,*,*,*,*,Horns of Doom*,,,,,
Nezarec's Sin,3381022971,"""6917529732441469260""",,Exotic,Helmet,,Warlock,1514,,Void Energy Capacity,1,Vault,true,false,false,1,1,,7,13,15,26,2,6,69,0,7,13,15,26,2,6,69,0,combatstyle,,Change Energy Type*,*,*,*,*,Abyssal Extractors*,,,,,
Mk. 44 Stand Asides,136355432,"""6917529732452673074""",,Exotic,Leg Armor,,Titan,1515,,Void Energy Capacity,1,Vault,true,false,false,1,2,,27,3,6,7,16,9,68,0,27,3,6,7,16,9,68,0,combatstyle,,Change Energy Type*,*,*,*,*,"Seriously, Watch Out*",,,,,
Mythos Hack 4.1,1045948748,"""6917529770823170786""",,Rare,Gauntlets,campaign,Hunter,1538,,Arc Energy Capacity,5,Vault,true,false,false,2,4,,6,2,16,11,2,10,47,0,6,2,16,11,2,10,47,0,,,Metallic Sunset*,Upgrade Armor*,*,*,*,*,,,,,
Airhead Hood,2751794833,"""6917529666032315813""",,Legendary,Hunter Cloak,,Hunter,1505,,Void Energy Capacity,5,Vault,true,true,false,4,12,,0,5,0,0,0,0,5,0,0,0,0,0,0,0,0,0,combatstyle,,Minor Resilience Mod*,Perpetuation*,Perpetuation*,Byzantium Lotus*,Upgrade Armor*,Meridian Constellation Cloak*,,,,,
Iron Forerunner Cloak,4266736482,"""6917529745656015624""",,Legendary,Hunter Cloak,ironbanner,Hunter,1526,,Solar Energy Capacity,2,Vault,true,true,false,4,15,,0,0,0,0,0,0,0,0,0,0,0,0,0,0,0,0,combatstyle,,Upgrade Armor*,Iron Lord's Pride*,,,,,,,,,
Icarus Drifter Cape,1153347999,"""6917529709624984529""",,Legendary,Hunter Cloak,legendaryengram,Hunter,1510,,Stasis Cost,2,Vault,true,true,false,3,11,,0,0,0,0,0,0,0,0,0,0,0,0,0,0,0,0,combatstyle,,Upgrade Armor*,,,,,,,,,,
War Mantis,803939997,"""6917529770778117996""",,Rare,Gauntlets,campaign,Hunter,1540,,Solar Energy Capacity,5,Vault,true,false,false,2,4,,29,8,13,0,0,0,50,0,29,8,13,0,0,0,50,0,,,Upgrade Armor*,*,*,*,*,,,,,,
Iron Forerunner Mask,2255073244,"""6917529748735295032""",infuse,Legendary,Helmet,ironbanner,Hunter,1528,,Arc Energy Capacity,5,Vault,true,false,false,4,15,,21,8,2,7,7,16,61,0,21,8,2,7,7,16,61,0,combatstyle,,Upgrade Armor*,*,*,*,*,Iron Lord's Pride*,,,,,
Frumious Mask,477057676,"""6917529740252221540""",junk,Legendary,Helmet,campaign,Hunter,1513,,Void Energy Capacity,4,Vault,true,false,false,4,12,,2,6,19,2,20,6,55,0,2,6,19,2,20,6,55,0,combatstyle,,Upgrade Armor*,*,*,*,*,,,,,,
Sealed Ahamkara Grasps,1688602431,"""6917529517866934574""",,Exotic,Gauntlets,,Hunter,1350,,Arc Energy Capacity,2,Vault,true,true,false,1,3,,16,17,2,12,17,2,66,0,16,17,2,12,17,2,66,0,combatstyle,,Upgrade Armor*,*,*,*,*,Nightmare Fuel*,,,,,
Icarus Drifter Vest,1399263478,"""6917529756888435506""",junk,Legendary,Chest Armor,legendaryengram,Hunter,1530,,Void Energy Capacity,1,Vault,true,false,false,3,11,,6,7,12,6,7,13,51,0,6,7,12,6,7,13,51,0,combatstyle,,Change Energy Type*,*,*,*,*,,,,,,
Aeon Safe,1654461647,"""6917529602243028633""",,Exotic,Gauntlets,,Titan,1350,,Arc Energy Capacity,1,Vault,true,false,false,1,2,,14,4,16,13,10,6,63,0,14,4,16,13,10,6,63,0,combatstyle,,Change Energy Type*,*,*,*,*,Sect of Force*,,,,,
Road Complex AA1,3959529854,"""6917529756899136508""",,Legendary,Leg Armor,legendaryengram,Hunter,1538,,Stasis Cost,1,Vault,true,false,false,4,15,,10,10,2,7,6,11,46,0,10,10,2,7,6,11,46,0,combatstyle,,Change Energy Type*,*,*,*,*,,,,,,
Frumious Strides,20158663,"""6917529748344138091""",,Legendary,Leg Armor,ikora,Hunter,1526,,Solar Energy Capacity,4,Vault,true,false,false,4,12,,11,8,8,2,12,13,54,0,11,8,8,2,12,13,54,0,combatstyle,,Upgrade Armor*,*,*,*,*,,,,,,
Insight Rover Mask,2298664693,"""6917529748451293214""",junk,Legendary,Helmet,legendaryengram,Hunter,1527,,Void Energy Capacity,3,Vault,true,false,false,3,11,,11,6,6,11,7,7,48,0,11,6,6,11,7,7,48,0,combatstyle,,Upgrade Armor*,*,*,*,*,,,,,,
Shadow Specter,4230626646,"""6917529755661545714""",,Rare,Leg Armor,campaign,Hunter,1534,,Solar Energy Capacity,5,Vault,true,false,false,2,4,,6,6,12,16,7,2,49,0,6,6,12,16,7,2,49,0,,,Upgrade Armor*,*,*,*,*,,,,,,
Prodigal Cloak,3356846604,"""6917529755714137895""",,Legendary,Hunter Cloak,legendaryengram,Hunter,1540,,Stasis Cost,1,Vault,true,false,false,4,15,,0,0,0,0,0,0,0,0,0,0,0,0,0,0,0,0,combatstyle,,Change Energy Type*,,,,,,,,,,
Felwinter's Helm,2822465023,"""6917529740290158055""",,Exotic,Helmet,,Warlock,1516,,Void Energy Capacity,1,Vault,true,false,false,3,10,,16,8,9,2,12,14,61,0,16,8,9,2,12,14,61,0,combatstyle,,Change Energy Type*,*,*,*,*,Warlord's End*,,,,,
Verity's Brow,2428181146,"""6917529758410553007""",,Exotic,Helmet,,Warlock,1539,,Solar Energy Capacity,1,Vault,true,false,false,1,3,,16,7,9,19,2,7,60,0,16,7,9,19,2,7,60,0,combatstyle,,Change Energy Type*,*,*,*,*,The Fourth Magic*,,,,,
Clutch Extol Grips,597831725,"""6917529745606859542""",favorite,Legendary,Gauntlets,crucible,Hunter,1521,,Void Energy Capacity,5,Vault,true,true,false,5,16,,21,6,2,2,20,10,61,0,21,6,2,2,20,10,61,0,combatstyle,,Upgrade Armor*,*,*,*,*,,,,,,
Gensym Knight Helm,1447990748,"""6917529602476529863""",,Legendary,Helmet,,Titan,1350,,Void Energy Capacity,1,Vault,true,false,false,4,15,,8,9,15,2,16,9,59,0,8,9,15,2,16,9,59,0,combatstyle,,Rosescale*,Change Energy Type*,*,*,*,*,,,,,
Iron Forerunner Grips,3651424085,"""6917529745631552597""",keep,Legendary,Gauntlets,ironbanner,Hunter,1518,,Void Energy Capacity,2,Vault,true,true,false,4,15,,12,19,2,10,14,6,63,0,12,19,2,10,14,6,63,0,combatstyle,,Gloamstrife*,Upgrade Armor*,*,*,*,*,Iron Lord's Pride*,,,,
Insight Rover Vest,2808379196,"""6917529740245722492""",junk,Legendary,Chest Armor,legendaryengram,Hunter,1521,,Arc Energy Capacity,2,Vault,true,false,false,3,11,,11,2,11,10,8,7,49,0,11,2,11,10,8,7,49,0,combatstyle,,Upgrade Armor*,*,*,*,*,,,,,,
Iron Forerunner Gauntlets,3570243433,"""6917529551871471126""",,Legendary,Gauntlets,ironbanner,Titan,1350,,Void Energy Capacity,2,Vault,true,false,false,4,15,,16,6,6,6,20,6,60,0,16,6,6,6,20,6,60,0,combatstyle,,Atmospheric Glow*,Upgrade Armor*,*,*,*,*,Lost Pacific Gauntlets*,Iron Lord's Pride*,,,
Insight Rover Vest,2808379196,"""6917529740277233196""",junk,Legendary,Chest Armor,legendaryengram,Hunter,1517,,Void Energy Capacity,1,Vault,true,false,false,3,11,,12,13,2,13,6,7,53,0,12,13,2,13,6,7,53,0,combatstyle,,Change Energy Type*,*,*,*,*,,,,,,
Apotheosis Veil,1096253259,"""6917529528838833482""",,Exotic,Helmet,,Warlock,1350,,Arc Energy Capacity,1,Vault,true,false,false,1,3,,6,17,9,9,13,7,61,0,6,17,9,9,13,7,61,0,combatstyle,,Change Energy Type*,*,*,*,*,Insatiable*,,,,,
Skull of Dire Ahamkara,1030017949,"""6917529551859196869""",,Exotic,Helmet,,Warlock,1350,,Arc Energy Capacity,1,Vault,true,false,false,1,1,,7,15,10,13,14,2,61,0,7,15,10,13,14,2,61,0,combatstyle,,Change Energy Type*,*,*,*,*,Actual Grandeur*,,,,,
Claws of Ahamkara,3288917178,"""6917529584137325850""",,Exotic,Gauntlets,,Warlock,1350,,Arc Energy Capacity,1,Vault,true,false,false,1,3,,6,19,8,2,7,20,62,0,6,19,8,2,7,20,62,0,combatstyle,,Change Energy Type*,*,*,*,*,The Whispers*,,,,,
Ophidian Aspect,3627185503,"""6917529575107871861""",,Exotic,Gauntlets,,Warlock,1350,,Arc Energy Capacity,1,Vault,true,false,false,1,2,,3,22,7,2,20,12,66,0,3,22,7,2,20,12,66,0,combatstyle,,Change Energy Type*,*,*,*,*,Cobra Totemic*,,,,,
Sunbracers,3787517196,"""6917529570810227454""",,Exotic,Gauntlets,,Warlock,1350,,Solar Energy Capacity,1,Vault,true,false,false,1,1,,17,2,13,9,12,10,63,0,17,2,13,9,12,10,63,0,combatstyle,,Change Energy Type*,*,*,*,*,Helium Spirals*,,,,,
Clutch Extol Cloak,921467658,"""6917529748722437473""",,Legendary,Hunter Cloak,crucible,Hunter,1530,,Stasis Cost,2,Vault,true,true,false,5,16,,0,0,0,0,0,0,0,0,0,0,0,0,0,0,0,0,combatstyle,,Upgrade Armor*,,,,,,,,,,
Karnstein Armlets,3844826440,"""6917529519856950063""",,Exotic,Gauntlets,,Warlock,1350,,Void Energy Capacity,1,Vault,true,false,false,1,1,,12,10,10,17,9,2,60,0,12,10,10,17,9,2,60,0,combatstyle,,Clouds at Sea*,Change Energy Type*,*,*,*,*,Vampire's Caress*,,,,
Vesper of Radius,1725917554,"""6917529582213237507""",,Exotic,Chest Armor,,Warlock,1350,,Arc Energy Capacity,1,Vault,true,false,false,1,2,,2,10,22,16,12,2,64,0,2,10,22,16,12,2,64,0,combatstyle,,Wicked Overgrowth*,Change Energy Type*,*,*,*,*,Planetary Torrent*,,,,
Lightkin Gauntlets,3399325807,"""6917529676263360056""",,Legendary,Gauntlets,servitor,Titan,1350,,Arc Energy Capacity,1,Vault,true,false,false,4,14,,6,6,10,12,6,6,46,0,6,6,10,12,6,6,46,0,combatstyle,,Change Energy Type*,*,*,*,*,,,,,,
Heart of Inmost Light,1341951177,"""6917529740290152863""",,Exotic,Chest Armor,,Titan,1519,,Arc Energy Capacity,1,Vault,true,false,false,2,4,,4,14,17,2,14,14,65,0,4,14,17,2,14,14,65,0,combatstyle,,Change Energy Type*,*,*,*,*,Overflowing Light*,,,,,
Phoenix Protocol,4057299719,"""6917529602243030396""",,Exotic,Chest Armor,,Warlock,1350,,Solar Energy Capacity,1,Vault,true,false,false,2,4,,14,10,10,8,22,2,66,0,14,10,10,8,22,2,66,0,combatstyle,,Change Energy Type*,*,*,*,*,Battle-Hearth*,,,,,
Transversive Steps,138282166,"""6917529507256552025""",,Exotic,Leg Armor,,Warlock,1350,,Arc Energy Capacity,1,Vault,true,false,false,1,1,,17,12,3,16,7,6,61,0,17,12,3,16,7,6,61,0,combatstyle,,Change Energy Type*,*,*,*,*,Strange Protractor*,,,,,
Lunafaction Boots,4136768282,"""6917529558249004963""",,Exotic,Leg Armor,,Warlock,1350,,Solar Energy Capacity,1,Vault,true,false,false,1,1,,12,7,15,2,20,12,68,0,12,7,15,2,20,12,68,0,combatstyle,,Change Energy Type*,*,*,*,*,Alchemical Etchings*,,,,,
An Insurmountable Skullfort,3216110440,"""6917529542785019309""",,Exotic,Helmet,,Titan,1350,,Arc Energy Capacity,1,Vault,true,false,false,1,1,,21,7,3,10,2,20,63,0,21,7,3,10,2,20,63,0,combatstyle,,Change Energy Type*,*,*,*,*,Transfusion Matrix*,,,,,
Khepri's Sting,2757274117,"""6917529740721591927""",,Exotic,Gauntlets,,Hunter,1519,,Arc Energy Capacity,3,Vault,true,false,false,2,7,,14,3,18,2,15,14,66,0,14,3,18,2,15,14,66,0,combatstyle,,Upgrade Armor*,*,*,*,*,Touch of Venom*,,,,,
Mark of the Unassailable,3207244009,"""6917529610845121742""",,Legendary,Titan Mark,legendaryengram,Titan,1350,,Solar Energy Capacity,3,Vault,true,false,false,4,12,,0,0,0,0,0,0,0,0,0,0,0,0,0,0,0,0,combatstyle,,Upgrade Armor*,,,,,,,,,,
Iron Forerunner Grips,3651424085,"""6917529748608151934""",favorite,Legendary,Gauntlets,ironbanner,Hunter,1528,,Stasis Cost,1,Vault,true,false,false,4,15,,8,10,10,24,2,8,62,0,8,10,10,19,2,8,57,0,combatstyle,,Minor Discipline Mod*,Change Energy Type*,*,*,*,*,Iron Lord's Pride*,,,,
Armamentarium,3874247549,"""6917529582207739966""",,Exotic,Chest Armor,,Titan,1350,,Arc Energy Capacity,1,Vault,true,false,false,1,3,,10,12,12,11,2,20,67,0,10,12,12,11,2,20,67,0,combatstyle,,Change Energy Type*,*,*,*,*,And Another Thing*,,,,,
Severance Enclosure,2326396534,"""6917529546514960726""",,Exotic,Chest Armor,,Titan,1350,,Void Energy Capacity,1,Vault,true,false,false,3,9,,2,28,2,8,9,15,64,0,2,28,2,8,9,15,64,0,combatstyle,,Change Energy Type*,*,*,*,*,Spheromatik Trigger*,,,,,
Iron Forerunner Grips,3651424085,"""6917529745612202727""",favorite,Legendary,Gauntlets,ironbanner,Hunter,1518,,Stasis Cost,4,Vault,true,true,false,4,15,,14,2,16,16,13,2,63,0,14,2,16,16,13,2,63,0,combatstyle,,Upgrade Armor*,*,*,*,*,Iron Lord's Pride*,,,,,
Lion Rampant,3539357318,"""6917529558255637721""",,Exotic,Leg Armor,,Titan,1350,,Arc Energy Capacity,1,Vault,true,false,false,1,1,,10,16,6,16,13,2,63,0,10,16,6,16,13,2,63,0,combatstyle,,Change Energy Type*,*,*,*,*,Jump Jets*,,,,,
Antaeus Wards,2423243921,"""6917529519851152360""",,Exotic,Leg Armor,,Titan,1350,,Void Energy Capacity,1,Vault,true,false,false,2,4,,8,19,3,7,2,20,59,0,8,19,3,7,2,20,59,0,combatstyle,,Arctic Pearl*,Change Energy Type*,*,*,*,*,Reflective Vents*,,,,
Iron Forerunner Grips,3651424085,"""6917529745667625968""",keep,Legendary,Gauntlets,ironbanner,Hunter,1521,,Solar Energy Capacity,1,Vault,true,false,false,4,15,,2,7,23,12,10,12,66,0,2,7,23,12,10,12,66,0,combatstyle,,Change Energy Type*,*,*,*,*,Iron Lord's Pride*,,,,,
Frumious Grips,3967899461,"""6917529749869172009""",junk,Legendary,Gauntlets,ikora,Hunter,1534,,Void Energy Capacity,1,Vault,true,false,false,4,12,,8,8,12,15,7,7,57,0,8,8,12,15,7,7,57,0,combatstyle,,Change Energy Type*,*,*,*,*,,,,,,
Pyrrhic Ascent Cloak,1322042322,"""6917529612440583509""",,Legendary,Hunter Cloak,trials,Hunter,1532,,Arc Energy Capacity,3,Vault,true,true,false,4,14,,0,0,0,10,0,0,10,0,0,0,0,0,0,0,0,0,combatstyle,,Discipline Mod*,Upgrade Armor*,,,,,,,,,
Lost Pacific Cape,732149466,"""6917529749804896213""",,Legendary,Hunter Cloak,,Hunter,1530,,Arc Energy Capacity,3,Vault,true,false,false,4,15,,0,0,0,0,0,0,0,0,0,0,0,0,0,0,0,0,combatstyle,,Upgrade Armor*,,,,,,,,,,
Medal Mantle,223597399,"""6917529738603237249""",,Legendary,Hunter Cloak,events,Hunter,1514,,Arc Energy Capacity,1,Vault,true,false,false,5,16,Guardian Games,0,0,0,0,0,0,0,0,0,0,0,0,0,0,0,0,combatstyle,,Change Energy Type*,,,,,,,,,,
Icarus Drifter Mask,2567710435,"""6917529772397286080""",junk,Legendary,Helmet,legendaryengram,Hunter,1545,,Stasis Cost,1,Vault,true,false,false,3,11,,12,7,7,8,2,17,53,0,12,7,7,8,2,17,53,0,combatstyle,,Change Energy Type*,*,*,*,*,,,,,,
Clutch Extol Mask,1767106452,"""6917529790952855749""",,Legendary,Helmet,crucible,Hunter,1553,,Stasis Cost,1,Vault,true,false,false,5,16,,10,17,2,2,17,7,55,0,10,17,2,2,17,7,55,0,combatstyle,,Change Energy Type*,*,*,*,*,,,,,,
Clutch Extol Grips,597831725,"""6917529775318058723""",,Legendary,Gauntlets,crucible,Hunter,1543,,Solar Energy Capacity,1,Vault,true,false,false,5,16,,18,2,6,12,2,11,51,0,18,2,6,12,2,11,51,0,combatstyle,,Change Energy Type*,*,*,*,*,,,,,,
Prodigal Cloak,3356846604,"""6917529756899140507""",,Legendary,Hunter Cloak,legendaryengram,Hunter,1535,,Void Energy Capacity,3,Vault,true,false,false,4,15,,0,0,0,0,0,0,0,0,0,0,0,0,0,0,0,0,combatstyle,,Upgrade Armor*,,,,,,,,,,
Armamentarium,3874247549,"""6917529723976784194""",,Exotic,Chest Armor,,Titan,1515,,Arc Energy Capacity,1,Vault,true,false,false,1,3,,8,8,17,15,10,7,65,0,8,8,17,15,10,7,65,0,combatstyle,,Change Energy Type*,*,*,*,*,And Another Thing*,,,,,
BrayTech Sn0Mask,620774353,"""6917529749812196251""",junk,Legendary,Helmet,,Hunter,1530,,Arc Energy Capacity,2,Vault,true,false,false,3,10,,13,7,7,2,19,6,54,0,13,7,7,2,19,6,54,0,combatstyle,,Upgrade Armor*,*,*,*,*,,,,,,
War Mantis,803939997,"""6917529748752848056""",,Rare,Gauntlets,campaign,Hunter,1531,,Solar Energy Capacity,5,Vault,true,false,false,2,4,,9,8,33,0,0,0,50,0,9,8,33,0,0,0,50,0,,,Upgrade Armor*,*,*,*,*,,,,,,
Prodigal Mask,3605448950,"""6917529751130573456""",infuse,Legendary,Helmet,legendaryengram,Hunter,1536,,Void Energy Capacity,4,Vault,true,false,false,4,15,,7,7,13,8,6,16,57,0,7,7,13,8,6,16,57,0,combatstyle,,Upgrade Armor*,*,*,*,*,,,,,,
Mythos Hack 4.1,1691784182,"""6917529751112333302""",,Rare,Leg Armor,campaign,Hunter,1533,,Void Energy Capacity,5,Vault,true,false,false,2,4,,16,2,6,6,10,6,46,0,16,2,6,6,10,6,46,0,,,Metallic Sunset*,Upgrade Armor*,*,*,*,*,,,,,
Iron Forerunner Mask,2255073244,"""6917529748366711791""",infuse,Legendary,Helmet,ironbanner,Hunter,1528,,Void Energy Capacity,2,Vault,true,true,false,4,15,,9,7,14,22,8,2,62,0,9,7,14,22,8,2,62,0,combatstyle,,Upgrade Armor*,*,*,*,*,Iron Lord's Pride*,,,,,
Frumious Strides,20158663,"""6917529751124152584""",,Legendary,Leg Armor,ikora,Hunter,1539,,Arc Energy Capacity,1,Vault,true,false,false,4,12,,13,6,7,7,7,13,53,0,13,6,7,7,7,13,53,0,combatstyle,,Change Energy Type*,*,*,*,*,,,,,,
Knucklehead Radar,1321354572,"""6917529528843520358""",,Exotic,Helmet,,Hunter,1539,,Void Energy Capacity,1,Vault,true,false,false,1,1,,3,21,7,2,2,25,60,0,3,21,7,2,2,25,60,0,combatstyle,,Rivalry Resolute*,Change Energy Type*,*,*,*,*,Nine Days/Nights*,Upgraded Sensor Pack*,,,
The Outlander's Heart,1701236611,"""6917529778262828761""",,Rare,Chest Armor,campaign,Hunter,1547,,Arc Energy Capacity,5,Vault,true,false,false,2,4,,8,12,6,6,10,6,48,0,8,12,6,6,10,6,48,0,,,Upgrade Armor*,*,*,*,*,,,,,,
Shadow Specter,3160437036,"""6917529751130572350""",,Rare,Gauntlets,campaign,Hunter,1532,,Solar Energy Capacity,5,Vault,true,false,false,2,4,,12,2,12,7,6,10,49,0,12,2,12,7,6,10,49,0,,,Upgrade Armor*,*,*,*,*,,,,,,
War Mantis,4155348771,"""6917529775401259744""",,Rare,Chest Armor,campaign,Hunter,1545,,Solar Energy Capacity,5,Vault,true,false,false,2,4,,12,2,12,6,2,16,50,0,12,2,12,6,2,16,50,0,,,Upgrade Armor*,*,*,*,*,,,,,,
Fr0st-EE5,609852545,"""6917529667939701888""",,Exotic,Leg Armor,,Hunter,1509,,Arc Energy Capacity,1,Vault,true,false,false,1,3,,11,16,7,7,21,7,69,0,11,16,7,2,21,7,64,0,combatstyle,,Minor Discipline Mod*,Change Energy Type*,*,*,*,*,Rapid Cooldown*,,,,
Mythos Hack 4.1,747210772,"""6917529755654138022""",,Rare,Chest Armor,campaign,Hunter,1534,,Void Energy Capacity,5,Vault,true,false,false,2,4,,12,2,12,6,6,10,48,0,12,2,12,6,6,10,48,0,,,Metallic Sunset*,Upgrade Armor*,*,*,*,*,,,,,
Ophidia Spathe,978537162,"""6917529738766007653""",,Exotic,Chest Armor,,Hunter,1521,,Arc Energy Capacity,3,Vault,true,false,false,1,3,,10,2,22,15,2,11,62,0,10,2,22,15,2,11,62,0,combatstyle,,Upgrade Armor*,*,*,*,*,Scissor Fingers*,,,,,
Gumshoe Gumption Grips,2120302383,"""6917529755640739292""",,Rare,Gauntlets,campaign,Hunter,1533,,Void Energy Capacity,5,Vault,true,false,false,5,16,,6,6,10,12,2,12,48,0,6,6,10,12,2,12,48,0,,,Upgrade Armor*,*,*,*,*,,,,,,
Mythos Hack 4.1,2159062493,"""6917529755661546913""",,Rare,Helmet,campaign,Hunter,1535,,Arc Energy Capacity,5,Vault,true,false,false,2,4,,6,11,6,6,2,16,47,0,6,11,6,6,2,16,47,0,,,Metallic Sunset*,Upgrade Armor*,*,*,*,*,,,,,
Lucky Pants,193869522,"""6917529635912084001""",,Exotic,Leg Armor,,Hunter,1358,,Void Energy Capacity,1,Vault,true,true,false,1,1,,7,7,10,12,6,6,48,0,7,7,10,12,6,6,48,0,combatstyle,,Change Energy Type*,*,*,*,*,Illegally Modded Holster*,Hand Cannon Holster*,,,,
Icarus Drifter Vest,1399263478,"""6917529696699030765""",junk,Legendary,Chest Armor,legendaryengram,Hunter,1515,,Stasis Cost,2,Vault,true,false,false,3,11,,10,2,10,15,7,7,51,0,10,2,10,15,7,7,51,0,combatstyle,,Upgrade Armor*,*,*,*,*,,,,,,
Iron Forerunner Grips,3651424085,"""6917529745641510463""",junk,Legendary,Gauntlets,ironbanner,Hunter,1519,,Solar Energy Capacity,1,Vault,true,false,false,4,15,,2,11,14,14,14,2,57,0,2,11,14,14,14,2,57,0,combatstyle,,Change Energy Type*,*,*,*,*,Iron Lord's Pride*,,,,,
Gemini Jester,1163283805,"""6917529732452676164""",,Exotic,Leg Armor,,Hunter,1516,,Arc Energy Capacity,1,Vault,true,false,false,1,2,,12,18,2,22,6,2,62,0,12,18,2,22,6,2,62,0,combatstyle,,Change Energy Type*,*,*,*,*,Misdirection*,,,,,
Red Moon Phantom Steps,1649776522,"""6917529492916950847""",,Legendary,Leg Armor,legendaryengram,Hunter,1350,,Void Energy Capacity,3,Vault,true,true,false,4,13,,12,10,10,7,14,10,63,0,12,10,10,7,14,10,63,0,combatstyle,,Precursor Vex Chrome*,Upgrade Armor*,*,*,*,*,Pyrrhic Ascent Strides*,,,,
Sealed Ahamkara Grasps,1688602431,"""6917529676355491289""",,Exotic,Gauntlets,,Hunter,1510,,Arc Energy Capacity,1,Vault,true,false,false,1,3,,7,11,6,6,2,16,48,0,7,11,6,6,2,16,48,0,combatstyle,,Change Energy Type*,*,*,*,*,Nightmare Fuel*,,,,,
Iron Forerunner Strides,932578999,"""6917529745672657758""",,Legendary,Leg Armor,ironbanner,Hunter,1521,,Arc Energy Capacity,3,Vault,true,false,false,4,15,,18,6,7,8,21,2,62,0,18,6,7,8,21,2,62,0,combatstyle,,Upgrade Armor*,*,*,*,*,Iron Lord's Pride*,,,,,
Orpheus Rig,193869523,"""6917529551859195972""",,Exotic,Leg Armor,,Hunter,1350,,Arc Energy Capacity,1,Vault,true,false,false,1,1,,17,12,2,9,14,9,63,0,17,12,2,9,14,9,63,0,combatstyle,,Change Energy Type*,*,*,*,*,Uncanny Arrows*,,,,,
Holdfast Cloak,3673831673,"""6917529609762514407""",,Legendary,Hunter Cloak,seasonpass,Hunter,1350,,Void Energy Capacity,2,Vault,true,true,false,3,11,,0,0,0,0,0,0,0,0,0,0,0,0,0,0,0,0,combatstyle,,Mercurian Sunrise*,Upgrade Armor*,,,,,,,,,
Lucky Raspberry,903984858,"""6917529610395176738""",,Exotic,Chest Armor,,Hunter,1350,,Arc Energy Capacity,1,Vault,true,false,false,1,1,,17,15,2,16,11,2,63,0,17,15,2,16,11,2,63,0,combatstyle,,Change Energy Type*,*,*,*,*,Probability Matrix*,,,,,
Bond of Chiron,320174990,"""6917529584130287486""",,Rare,Warlock Bond,campaign,Warlock,1350,,Solar Energy Capacity,5,Vault,true,false,false,2,4,,0,0,0,0,0,0,0,0,0,0,0,0,0,0,0,0,,,Upgrade Armor*,,,,,,,,,,
Raiden Flux,2766109872,"""6917529542785018472""",,Exotic,Chest Armor,,Hunter,1350,,Arc Energy Capacity,1,Vault,true,false,false,1,1,,17,13,2,9,13,7,61,0,17,13,2,9,13,7,61,0,combatstyle,,Change Energy Type*,*,*,*,*,Synapse Junctions*,,,,,
Raiju's Harness,2268523867,"""6917529558295125060""",,Exotic,Chest Armor,,Hunter,1350,,Stasis Cost,2,Vault,true,false,false,3,10,,11,10,12,8,12,9,62,0,11,10,12,8,12,9,62,0,combatstyle,,Upgrade Armor*,*,*,*,*,Mobius Conduit*,,,,,
Raiden Flux,419976110,"""6917529040119784716""",,Exotic,Chest Armor,,Hunter,1350,,,,Vault,false,false,false,1,1,,10,20,0,5,5,10,50,0,10,10,0,5,5,10,40,0,,,Synapse Junctions*,Plasteel Reinforcement Mod*,Restorative Mod,Unflinching Auto Rifle Aim*,Primary Ammo Finder*,*,,,,,
Iron Forerunner Strides,932578999,"""6917529748710271220""",,Legendary,Leg Armor,ironbanner,Hunter,1528,,Solar Energy Capacity,1,Vault,true,true,false,4,15,,16,7,9,16,7,8,63,0,16,7,9,16,7,8,63,0,combatstyle,,Change Energy Type*,*,*,*,*,Iron Lord's Pride*,,,,,
Orobas Vectura Bond,2866378041,"""6917529584165147121""",,Rare,Warlock Bond,adventure,Warlock,1350,,Arc Energy Capacity,5,Vault,true,false,false,1,1,,0,0,0,0,0,0,0,0,0,0,0,0,0,0,0,0,,,Upgrade Armor*,,,,,,,,,,
Stagnatious Rebuke,1988790493,"""6917529584411080686""",,Rare,Warlock Bond,campaign,Warlock,1350,,Void Energy Capacity,5,Vault,true,false,false,2,4,,0,0,0,0,0,0,0,0,0,0,0,0,0,0,0,0,,,Upgrade Armor*,,,,,,,,,,
Lucky Pants,193869522,"""6917529533942714489""",favorite,Exotic,Leg Armor,,Hunter,1519,,Solar Energy Capacity,1,Vault,true,true,false,1,1,,7,17,9,12,20,2,67,0,7,17,9,12,20,2,67,0,combatstyle,,Recuperation*,Time-Honored*,Change Energy Type*,*,*,*,*,Illegally Modded Holster*,Hand Cannon Holster*,,
Aeon Swift,3942036043,"""6917529602243026849""",,Exotic,Gauntlets,,Hunter,1350,,Arc Energy Capacity,1,Vault,true,false,false,1,2,,3,21,8,2,21,10,65,0,3,21,8,2,21,10,65,0,combatstyle,,Change Energy Type*,*,*,*,*,Sect of Force*,,,,,
Shinobu's Vow,1053737370,"""6917529575107871883""",,Exotic,Gauntlets,,Hunter,1350,,Arc Energy Capacity,1,Vault,true,true,false,1,2,,3,20,9,12,16,2,62,0,3,20,9,12,16,2,62,0,combatstyle,,Change Energy Type*,*,*,*,*,New Tricks*,,,,,
Mechaneer's Tricksleeves,1734144409,"""6917529564049720279""",,Exotic,Gauntlets,,Hunter,1350,,Solar Energy Capacity,1,Vault,true,true,false,1,1,,4,7,22,15,8,8,64,0,4,7,22,15,8,8,64,0,combatstyle,,Change Energy Type*,*,*,*,*,Spring-Loaded Mounting*,,,,,
Prime Zealot Strides,129332559,"""6917529679901573897""",,Legendary,Leg Armor,vog,Hunter,1513,,Stasis Cost,1,Vault,true,true,false,4,14,,10,15,7,2,23,8,65,0,10,15,7,2,23,8,65,0,"combatstyle,vaultofglass",,Gloamstrife*,Change Energy Type*,*,*,*,*,,,,,
Errant Knight 1.0,3166972772,"""6917529748735302151""",,Legendary,Leg Armor,legendaryengram,Hunter,1531,,Solar Energy Capacity,3,Vault,true,false,false,4,12,,11,2,10,2,7,18,50,0,11,2,10,2,7,18,50,0,combatstyle,,Upgrade Armor*,*,*,*,*,,,,,,
Wormhusk Crown,3562696927,"""6917529571079648938""",,Exotic,Helmet,,Hunter,1350,,Arc Energy Capacity,2,Vault,true,false,false,1,3,,12,10,11,7,17,6,63,0,12,10,11,7,17,6,63,0,combatstyle,,Upgrade Armor*,*,*,*,*,Burning Souls*,,,,,
Celestial Nighthawk,1667080810,"""6917529040272640702""",,Exotic,Helmet,,Hunter,1350,,,,Vault,false,false,false,1,1,,10,20,0,5,5,10,50,0,10,10,0,5,5,10,40,0,,,Always North*,Hawkeye Hack*,Plasteel Reinforcement Mod*,Restorative Mod,Pulse Rifle Targeting*,Special Ammo Finder*,*,,,,
Foetracer,896224899,"""6917529511694850008""",,Exotic,Helmet,,Hunter,1350,,Solar Energy Capacity,1,Vault,true,false,false,1,1,,18,15,2,10,10,11,66,0,18,15,2,10,10,11,66,0,combatstyle,,Change Energy Type*,*,*,*,*,Relentless Tracker*,,,,,
Icarus Drifter Legs,4064910796,"""6917529676197562989""",,Legendary,Leg Armor,legendaryengram,Hunter,1512,,Void Energy Capacity,2,Vault,true,false,false,3,11,,12,6,12,12,6,12,60,0,12,6,12,12,6,12,60,0,combatstyle,,Upgrade Armor*,*,*,*,*,,,,,,
Viperidax Helmet,2381337281,"""6917529758349684980""",junk,Legendary,Helmet,drifter,Hunter,1534,,Void Energy Capacity,1,Vault,true,false,false,5,16,,13,2,12,17,6,2,52,0,13,2,12,17,6,2,52,0,combatstyle,,Change Energy Type*,*,*,*,*,,,,,,
Winter's Guile,3844826443,"""6917529610395177055""",,Exotic,Gauntlets,,Warlock,1350,,Arc Energy Capacity,1,Vault,true,false,false,1,1,,2,2,27,2,26,2,61,0,2,2,27,2,26,2,61,0,combatstyle,,Change Energy Type*,*,*,*,*,Warlord's Sigil*,,,,,
Mask of the Quiet One,3883866764,"""6917529610395172448""",,Exotic,Helmet,,Titan,1350,,Void Energy Capacity,1,Vault,true,false,false,1,1,,15,16,2,16,7,9,65,0,15,16,2,16,7,9,65,0,combatstyle,,Change Energy Type*,*,*,*,*,Dreaded Visage*,,,,,
Actium War Rig,1591207518,"""6917529758410559810""",,Exotic,Chest Armor,,Titan,1537,,Arc Energy Capacity,1,Vault,true,false,false,1,1,,7,3,20,6,9,16,61,0,7,3,20,6,9,16,61,0,combatstyle,,Change Energy Type*,*,*,*,*,Auto-Loading Link*,,,,,
Iron Forerunner Strides,932578999,"""6917529772297902764""",,Legendary,Leg Armor,ironbanner,Hunter,1541,,Stasis Cost,4,Vault,true,false,false,4,15,,12,17,2,8,16,8,63,0,12,17,2,8,16,8,63,0,combatstyle,,Upgrade Armor*,*,*,*,*,Iron Lord's Pride*,,,,,
Gumshoe Gumption Cloak,2282780740,"""6917529756899142190""",,Rare,Hunter Cloak,campaign,Hunter,1535,,Solar Energy Capacity,5,Vault,true,false,false,5,16,,0,0,0,0,0,0,0,0,0,0,0,0,0,0,0,0,,,Upgrade Armor*,,,,,,,,,,
Clutch Extol Vest,2969535443,"""6917529748735298508""",junk,Legendary,Chest Armor,crucible,Hunter,1528,,Stasis Cost,5,Vault,true,false,false,5,16,,6,7,12,2,10,10,47,0,6,7,12,2,10,10,47,0,combatstyle,,Upgrade Armor*,*,*,*,*,,,,,,
Mindbreaker Boots,2025523685,"""6917529770716916436""",,Rare,Leg Armor,adventure,Hunter,1539,,Void Energy Capacity,5,Vault,true,false,false,1,1,,10,2,10,6,10,8,46,0,10,2,10,6,10,8,46,0,,,Upgrade Armor*,*,*,*,*,,,,,,
Viperidax Vest,3934586864,"""6917529749846058329""",junk,Legendary,Chest Armor,drifter,Hunter,1529,,Solar Energy Capacity,4,Vault,true,false,false,5,16,,13,8,6,7,9,11,54,0,13,8,6,7,9,11,54,0,combatstyle,,Upgrade Armor*,*,*,*,*,,,,,,
Retro-Grade TG2,2783831726,"""6917529539454319684""",,Legendary,Helmet,legendaryengram,Titan,1350,,Arc Energy Capacity,1,Vault,true,false,false,4,15,,14,12,2,16,10,2,56,0,14,12,2,16,10,2,56,0,combatstyle,,Precursor Vex Chrome*,Change Energy Type*,*,*,*,*,Wild Hunt Helm*,,,,
Ego Talon IV,2612983587,"""6917529539474944518""",,Legendary,Helmet,ikora,Warlock,1350,,Arc Energy Capacity,1,Vault,true,false,false,4,12,,2,18,7,8,13,7,55,0,2,18,7,8,13,7,55,0,combatstyle,,Precursor Vex Chrome*,Change Energy Type*,*,*,*,*,,,,,
Thorium Holt Hood,1592984110,"""6917529584381340896""",,Legendary,Helmet,legendaryengram,Warlock,1350,,Solar Energy Capacity,2,Vault,true,false,false,4,13,,2,13,12,17,2,9,55,0,2,13,12,17,2,9,55,0,combatstyle,,Upgrade Armor*,*,*,*,*,,,,,,
Anti-Extinction Hood,245450812,"""6917529584130287918""",,Legendary,Helmet,do,Warlock,1350,,Stasis Cost,2,Vault,true,false,false,3,10,,8,17,2,2,18,6,53,0,8,17,2,2,18,6,53,0,combatstyle,,Upgrade Armor*,*,*,*,*,,,,,,
High-Minded Complex,1800940324,"""6917529493577512067""",,Legendary,Helmet,legendaryengram,Warlock,1350,,Stasis Cost,5,Vault,true,false,false,4,15,,16,2,12,12,2,12,56,0,16,2,12,12,2,12,56,0,combatstyle,,Upgrade Armor*,*,*,*,*,,,,,,
Opulent Scholar Robes,3981949974,"""6917529539467806444""",,Legendary,Chest Armor,,Warlock,1350,,Arc Energy Capacity,1,Vault,true,false,false,4,15,,9,13,7,6,14,9,58,0,9,13,7,6,14,9,58,0,combatstyle,,Rustberry*,Change Energy Type*,*,*,*,*,,,,,
Insight Vikti Robes,2364041279,"""6917529597983742179""",,Legendary,Chest Armor,legendaryengram,Warlock,1350,,Void Energy Capacity,1,Vault,true,false,false,3,11,,11,10,6,6,2,22,57,0,11,10,6,6,2,22,57,0,combatstyle,,Change Energy Type*,*,*,*,*,,,,,,
Road Complex AA1,2932691109,"""6917529758355437348""",junk,Legendary,Helmet,legendaryengram,Hunter,1535,,Stasis Cost,2,Vault,true,false,false,4,15,,10,2,18,6,17,2,55,0,10,2,18,6,17,2,55,0,combatstyle,,Upgrade Armor*,*,*,*,*,,,,,,
Anti-Extinction Plate,1557512974,"""6917529545570412880""",,Legendary,Chest Armor,do,Titan,1350,,Solar Energy Capacity,2,Vault,true,false,false,3,10,,2,10,17,14,2,11,56,0,2,10,17,14,2,11,56,0,combatstyle,,Mercurian Sunrise*,Upgrade Armor*,*,*,*,*,,,,,
High-Minded Complex,3689406239,"""6917529538986144595""",,Legendary,Leg Armor,legendaryengram,Warlock,1350,,Solar Energy Capacity,2,Vault,true,false,false,4,15,,2,2,23,7,2,17,53,0,2,2,23,7,2,17,53,0,combatstyle,,Precursor Vex Chrome*,Upgrade Armor*,*,*,*,*,Meridian Constellation Pants*,,,,
Wise Warlock Boots,3471587229,"""6917529039832576234""",,Common,Leg Armor,,Warlock,1350,,,,Vault,false,false,false,1,1,,0,0,1,0,0,0,1,0,0,0,1,0,0,0,1,0,,,,,,,,,,,,,
Entanglement Bond,2657180960,"""6917529545524722539""",,Legendary,Warlock Bond,fwc,Warlock,1350,,Solar Energy Capacity,1,Vault,true,false,false,3,10,,0,0,0,0,0,0,0,0,0,0,0,0,0,0,0,0,combatstyle,,Change Energy Type*,,,,,,,,,,
Synaptic Construct,3611199822,"""6917529584171161005""",,Legendary,Warlock Bond,legendaryengram,Warlock,1350,,Solar Energy Capacity,3,Vault,true,false,false,3,11,,0,0,0,0,0,0,0,0,0,0,0,0,0,0,0,0,combatstyle,,Upgrade Armor*,,,,,,,,,,
Philomath Bond,3475929306,"""6917529538969849430""",,Legendary,Warlock Bond,legendaryengram,Warlock,1350,,Void Energy Capacity,1,Vault,true,false,false,4,12,,0,0,0,0,0,0,0,0,0,0,0,0,0,0,0,0,combatstyle,,Change Energy Type*,,,,,,,,,,
Wise Warlock Bond,1331814296,"""6917529039838628569""",,Common,Warlock Bond,,Warlock,1350,,,,Vault,false,false,false,1,1,,0,0,1,0,0,0,1,0,0,0,1,0,0,0,1,0,,,,,,,,,,,,,
Opulent Duelist Mark,731561450,"""6917529539467804384""",,Legendary,Titan Mark,,Titan,1350,,Arc Energy Capacity,1,Vault,true,false,false,4,15,,0,0,0,0,0,0,0,0,0,0,0,0,0,0,0,0,combatstyle,,Bloody Tooth*,Change Energy Type*,,,,,,,,,
Icarus Drifter Mask,2567710435,"""6917529749869162794""",keep,Legendary,Helmet,legendaryengram,Hunter,1530,,Arc Energy Capacity,1,Vault,true,true,false,3,11,,12,7,14,11,2,15,61,0,12,7,14,11,2,15,61,0,combatstyle,,Change Energy Type*,*,*,*,*,,,,,,
Iron Forerunner Mask,2255073244,"""6917529745661905537""",keep,Legendary,Helmet,ironbanner,Hunter,1521,,Void Energy Capacity,1,Vault,true,true,false,4,15,,16,6,10,2,2,26,62,0,16,6,10,2,2,26,62,0,combatstyle,,Reef Regalia*,Change Energy Type*,*,*,*,*,Iron Lord's Pride*,,,,
Mythos Hack 4.1,1691784182,"""6917529778268813443""",,Rare,Leg Armor,campaign,Hunter,1546,,Arc Energy Capacity,5,Vault,true,false,false,2,4,,17,6,2,6,10,6,47,0,17,6,2,6,10,6,47,0,,,Metallic Sunset*,Upgrade Armor*,*,*,*,*,,,,,
Holeshot Cloak,2751794832,"""6917529770828816826""",,Legendary,Hunter Cloak,,Hunter,1540,,Void Energy Capacity,2,Vault,true,false,false,4,12,,0,0,0,0,0,0,0,0,0,0,0,0,0,0,0,0,combatstyle,,Upgrade Armor*,,,,,,,,,,
Icarus Drifter Legs,4064910796,"""6917529778257404907""",,Legendary,Leg Armor,legendaryengram,Hunter,1545,,Arc Energy Capacity,1,Vault,true,false,false,3,11,,16,6,2,2,12,12,50,0,16,6,2,2,12,12,50,0,combatstyle,,Change Energy Type*,*,*,*,*,,,,,,
Clutch Extol Cloak,921467658,"""6917529772117736625""",,Legendary,Hunter Cloak,crucible,Hunter,1539,,Solar Energy Capacity,1,Vault,true,false,false,5,16,,0,0,0,0,0,0,0,0,0,0,0,0,0,0,0,0,combatstyle,,Change Energy Type*,,,,,,,,,,
Prodigal Strides,3562245001,"""6917529775306858939""",,Legendary,Leg Armor,legendaryengram,Hunter,1549,,Arc Energy Capacity,1,Vault,true,true,false,4,15,,12,7,6,6,2,17,50,0,12,7,6,6,2,17,50,0,combatstyle,,Change Energy Type*,*,*,*,*,,,,,,
Dead End Cure 2.1,2805231813,"""6917529778511832895""",,Legendary,Leg Armor,legendaryengram,Hunter,1549,,Solar Energy Capacity,1,Vault,true,false,false,4,15,,7,13,6,10,6,13,55,0,7,13,6,10,6,13,55,0,combatstyle,,Change Energy Type*,*,*,*,*,,,,,,
The Outlander's Steps,3880804895,"""6917529778480706392""",,Rare,Leg Armor,campaign,Hunter,1548,,Void Energy Capacity,5,Vault,true,false,false,2,4,,12,2,12,12,6,6,50,0,12,2,12,12,6,6,50,0,,,Upgrade Armor*,*,*,*,*,,,,,,
Shadow Specter,4230626646,"""6917529790903176302""",,Rare,Leg Armor,campaign,Hunter,1549,,Arc Energy Capacity,5,Vault,true,false,false,2,4,,12,12,2,6,2,16,50,0,12,12,2,6,2,16,50,0,,,Upgrade Armor*,*,*,*,*,,,,,,
Iron Forerunner Cloak,4266736482,"""6917529772286752611""",,Legendary,Hunter Cloak,ironbanner,Hunter,1541,,Arc Energy Capacity,2,Vault,true,false,false,4,15,,0,0,0,0,0,0,0,0,0,0,0,0,0,0,0,0,combatstyle,,Upgrade Armor*,Iron Lord's Pride*,,,,,,,,,
Iron Forerunner Cloak,4266736482,"""6917529772286754002""",,Legendary,Hunter Cloak,ironbanner,Hunter,1548,,Solar Energy Capacity,5,Vault,true,false,false,4,15,,0,0,0,0,0,0,0,0,0,0,0,0,0,0,0,0,combatstyle,,Upgrade Armor*,Iron Lord's Pride*,,,,,,,,,
Dead End Cure 2.1,2805231813,"""6917529790890996204""",,Legendary,Leg Armor,legendaryengram,Hunter,1550,,Solar Energy Capacity,2,Vault,true,false,false,4,15,,12,2,10,2,6,19,51,0,12,2,10,2,6,19,51,0,combatstyle,,Upgrade Armor*,*,*,*,*,,,,,,
Viperidax Cloak,2820165421,"""6917529772420254418""",,Legendary,Hunter Cloak,drifter,Hunter,1543,,Stasis Cost,2,Vault,true,false,false,5,16,,0,0,0,0,0,0,0,0,0,0,0,0,0,0,0,0,combatstyle,,Upgrade Armor*,,,,,,,,,,
Viperidax Cloak,2820165421,"""6917529775306860092""",,Legendary,Hunter Cloak,drifter,Hunter,1541,,Arc Energy Capacity,1,Vault,true,false,false,5,16,,0,0,0,0,0,0,0,0,0,0,0,0,0,0,0,0,combatstyle,,Change Energy Type*,,,,,,,,,,
Cloak of Retelling,1915498345,"""6917529790896726714""",,Rare,Hunter Cloak,campaign,Hunter,1549,,Solar Energy Capacity,5,Vault,true,false,false,2,4,,0,0,0,0,0,0,0,0,0,0,0,0,0,0,0,0,,,Metallic Sunset*,Upgrade Armor*,,,,,,,,,
Viperidax Cloak,2820165421,"""6917529775340837747""",,Legendary,Hunter Cloak,drifter,Hunter,1546,,Arc Energy Capacity,1,Vault,true,false,false,5,16,,0,0,0,0,0,0,0,0,0,0,0,0,0,0,0,0,combatstyle,,Change Energy Type*,,,,,,,,,,
Cloak of Retelling,1915498345,"""6917529775407395512""",,Rare,Hunter Cloak,campaign,Hunter,1548,,Solar Energy Capacity,5,Vault,true,false,false,2,4,,0,0,0,0,0,0,0,0,0,0,0,0,0,0,0,0,,,Metallic Sunset*,Upgrade Armor*,,,,,,,,,
Graviton Forfeit,2773056939,"""6917529745741181659""",,Exotic,Helmet,,Hunter,1524,,Void Energy Capacity,1,Vault,true,false,false,1,2,,7,13,10,20,2,11,63,0,7,13,10,20,2,11,63,0,combatstyle,,Change Energy Type*,*,*,*,*,Vanishing Shadow*,,,,,
Shadow Specter,4052950089,"""6917529790908359409""",,Rare,Hunter Cloak,campaign,Hunter,1550,,Arc Energy Capacity,5,Vault,true,false,false,2,4,,0,0,0,0,0,0,0,0,0,0,0,0,0,0,0,0,,,Upgrade Armor*,,,,,,,,,,
War Mantis Cloak,3437155610,"""6917529778524733467""",,Rare,Hunter Cloak,campaign,Hunter,1549,,Solar Energy Capacity,5,Vault,true,false,false,2,4,,0,0,0,0,0,0,0,0,0,0,0,0,0,0,0,0,,,Upgrade Armor*,,,,,,,,,,
Iron Forerunner Vest,1615052875,"""6917529748344138598""",keep,Legendary,Chest Armor,ironbanner,Hunter,1525,,Solar Energy Capacity,3,Vault,true,true,false,4,15,,2,14,15,2,22,7,62,0,2,14,15,2,22,7,62,0,combatstyle,,Upgrade Armor*,*,*,*,*,Iron Lord's Pride*,,,,,
Gumshoe Gumption Mask,2891906302,"""6917529748474236009""",,Rare,Helmet,campaign,Hunter,1528,,Void Energy Capacity,5,Vault,true,false,false,5,16,,6,16,2,2,6,16,48,0,6,16,2,2,6,16,48,0,,,Upgrade Armor*,*,*,*,*,,,,,,
War Mantis Cloak,3437155610,"""6917529748439242036""",infuse,Rare,Hunter Cloak,campaign,Hunter,1526,,Solar Energy Capacity,5,Vault,true,false,false,2,4,,0,0,0,0,0,0,0,0,0,0,0,0,0,0,0,0,,,Upgrade Armor*,,,,,,,,,,
Icarus Drifter Vest,1399263478,"""6917529772408327983""",,Legendary,Chest Armor,legendaryengram,Hunter,1549,,Arc Energy Capacity,2,Vault,true,false,false,3,11,,12,12,6,6,12,6,54,0,12,12,6,6,12,6,54,0,combatstyle,,Upgrade Armor*,*,*,*,*,,,,,,
Viperidax Strides,1254421266,"""6917529747345732935""",,Legendary,Leg Armor,drifter,Hunter,1527,,Stasis Cost,5,Vault,true,false,false,5,16,,18,2,7,12,9,7,55,0,18,2,7,12,9,7,55,0,combatstyle,,Upgrade Armor*,*,*,*,*,,,,,,
Prime Zealot Cuirass,1133961267,"""6917529679963262096""",favorite,Legendary,Chest Armor,vog,Hunter,1513,,Solar Energy Capacity,3,Vault,true,true,false,4,14,,6,25,2,22,2,17,74,0,6,25,2,12,2,17,64,0,"combatstyle,vaultofglass",,Discipline Mod*,Upgrade Armor*,*,*,*,*,,,,,
Iron Forerunner Vest,1615052875,"""6917529579055061256""",keep,Legendary,Chest Armor,ironbanner,Hunter,1536,,Arc Energy Capacity,3,Vault,true,true,false,4,15,,18,12,10,11,20,2,73,0,18,2,10,11,20,2,63,0,combatstyle,,Resilience Mod*,Metallic Sunrise*,Upgrade Armor*,*,*,*,*,Wild Hunt Vest*,Iron Lord's Pride*,,
Red Moon Phantom Vest,1571425240,"""6917529709672731536""",,Legendary,Chest Armor,legendaryengram,Hunter,1513,,Stasis Cost,4,Vault,true,true,false,4,13,,9,2,22,16,6,2,57,0,9,2,22,16,6,2,57,0,combatstyle,,Upgrade Armor*,*,*,*,*,,,,,,
Viperidax Vest,3934586864,"""6917529745839315264""",junk,Legendary,Chest Armor,drifter,Hunter,1521,,Void Energy Capacity,3,Vault,true,false,false,5,16,,19,6,2,9,11,6,53,0,19,6,2,9,11,6,53,0,combatstyle,,Upgrade Armor*,*,*,*,*,,,,,,
Viperidax Vest,3934586864,"""6917529758456957338""",,Legendary,Chest Armor,drifter,Hunter,1540,,Stasis Cost,3,Vault,true,true,false,5,16,,8,11,8,2,7,20,56,0,8,11,8,2,7,20,56,0,combatstyle,,Upgrade Armor*,*,*,*,*,,,,,,
The Bombardiers,1219761634,"""6917529722610996190""",,Exotic,Leg Armor,,Hunter,1513,,Arc Energy Capacity,1,Vault,true,false,false,3,9,,10,2,16,2,19,9,58,0,10,2,16,2,19,9,58,0,combatstyle,,Change Energy Type*,*,*,*,*,Parting Gift*,,,,,
Red Moon Phantom Steps,1649776522,"""6917529759771654506""",,Legendary,Leg Armor,legendaryengram,Hunter,1543,,Stasis Cost,1,Vault,true,false,false,4,13,,12,12,2,12,6,7,51,0,12,12,2,12,6,7,51,0,combatstyle,,Change Energy Type*,*,*,*,*,,,,,,
Cinder Pinion Vest,886273156,"""6917529486446062008""",favorite,Legendary,Chest Armor,crucible,Hunter,1521,,Solar Energy Capacity,2,Vault,true,false,false,4,14,,12,15,10,17,12,2,68,0,7,15,10,17,12,2,63,0,combatstyle,,Minor Mobility Mod*,Solar Resistance*,Metallic Sunrise*,Upgrade Armor*,*,*,*,*,Iron Forerunner Vest*,,
Mythos Hack 4.1,1045948748,"""6917529778474555469""",,Rare,Gauntlets,campaign,Hunter,1549,,Arc Energy Capacity,5,Vault,true,false,false,2,4,,12,6,6,12,2,10,48,0,12,6,6,12,2,10,48,0,,,Metallic Sunset*,Upgrade Armor*,*,*,*,*,,,,,
Aeon Safe,1654461647,"""6917529789853419633""",,Exotic,Gauntlets,,Titan,1549,,Arc Energy Capacity,1,Vault,true,false,false,1,2,,9,4,19,7,13,9,61,0,9,4,19,7,13,9,61,0,combatstyle,,Change Energy Type*,*,*,*,*,Sect of Force*,,,,,
Ashen Wake,1734844650,"""6917529778262826149""",,Exotic,Gauntlets,,Titan,1548,,Solar Energy Capacity,1,Vault,true,false,false,1,3,,9,8,18,13,2,14,64,0,9,8,18,13,2,14,64,0,combatstyle,,Change Energy Type*,*,*,*,*,Bring the Heat*,,,,,
Oathkeeper,691578978,"""6917529778281254211""",,Exotic,Gauntlets,,Hunter,1547,,Arc Energy Capacity,1,Vault,true,false,false,2,4,,3,10,17,9,8,12,59,0,3,10,17,9,8,12,59,0,combatstyle,,Change Energy Type*,*,*,*,*,Adamantine Brace*,,,,,
Young Ahamkara's Spine,475652357,"""6917529778455986231""",,Exotic,Gauntlets,,Hunter,1551,,Solar Energy Capacity,1,Vault,true,false,false,1,1,,7,9,18,10,19,2,65,0,7,9,18,10,19,2,65,0,combatstyle,,Change Energy Type*,*,*,*,*,Wish-Dragon Teeth*,,,,,
War Mantis,803939997,"""6917529778288836627""",,Rare,Gauntlets,campaign,Hunter,1547,,Void Energy Capacity,5,Vault,true,false,false,2,4,,9,21,16,0,0,0,46,0,9,21,16,0,0,0,46,0,,,Upgrade Armor*,*,*,*,*,,,,,,
Errant Knight 1.0,215674186,"""6917529770823166832""",,Legendary,Gauntlets,legendaryengram,Hunter,1544,,Void Energy Capacity,1,Vault,true,false,false,4,12,,12,8,8,8,7,15,58,0,12,8,8,8,7,15,58,0,combatstyle,,Change Energy Type*,*,*,*,*,,,,,,
Shadow Specter,3309120116,"""6917529778517609721""",,Rare,Chest Armor,campaign,Hunter,1547,,Arc Energy Capacity,5,Vault,true,false,false,2,4,,6,12,7,22,2,2,51,0,6,12,7,22,2,2,51,0,,,Upgrade Armor*,*,*,*,*,,,,,,
Wild Hunt Mask,4079117607,"""6917529441638893927""",favorite,Legendary,Helmet,seasonpass,Hunter,1537,,Arc Energy Capacity,5,Vault,true,true,false,4,12,,8,10,7,18,11,2,56,0,8,10,7,18,11,2,56,0,combatstyle,,Golden Trace*,Upgrade Armor*,*,*,*,*,,,,,
Insight Rover Mask,2298664693,"""6917529492236080378""",keep,Legendary,Helmet,legendaryengram,Hunter,1530,,Solar Energy Capacity,10,Vault,true,true,false,3,11,,15,19,12,9,22,4,81,0,13,7,10,7,20,2,59,0,combatstyle,,Resilience Mod*,Sidearm Targeting*,Ashes to Assets*,Shield Break Charge*,Mercury Vex Chrome*,Upgrade Armor*,*,*,*,*,Gensym Knight Casque*
Road Complex AA1,3959529854,"""6917529759753620561""",,Legendary,Leg Armor,legendaryengram,Hunter,1539,,Arc Energy Capacity,2,Vault,true,false,false,4,15,,2,16,6,8,14,6,52,0,2,16,6,8,14,6,52,0,combatstyle,,Upgrade Armor*,*,*,*,*,,,,,,
Road Complex AA1,2932691109,"""6917529778275323202""",,Legendary,Helmet,legendaryengram,Hunter,1547,,Arc Energy Capacity,1,Vault,true,false,false,4,15,,7,7,13,8,6,15,56,0,7,7,13,8,6,15,56,0,combatstyle,,Change Energy Type*,*,*,*,*,,,,,,
War Mantis Cloak,3437155610,"""6917529759730246813""",,Rare,Hunter Cloak,campaign,Hunter,1539,,Void Energy Capacity,5,Vault,true,false,false,2,4,,0,0,0,0,0,0,0,0,0,0,0,0,0,0,0,0,,,Upgrade Armor*,,,,,,,,,,
Prodigal Mask,3605448950,"""6917529775347386071""",infuse,Legendary,Helmet,legendaryengram,Hunter,1551,,Solar Energy Capacity,1,Vault,true,false,false,4,15,,17,2,8,15,12,2,56,0,17,2,8,15,12,2,56,0,combatstyle,,Change Energy Type*,*,*,*,*,,,,,,
War Mantis,856745412,"""6917529758415822701""",,Rare,Helmet,campaign,Hunter,1539,,Arc Energy Capacity,5,Vault,true,false,false,2,4,,7,10,8,6,11,8,50,0,7,10,8,6,11,8,50,0,,,Upgrade Armor*,*,*,*,*,,,,,,
Getaway Artist,3084282676,"""6917529722610995028""",,Exotic,Gauntlets,,Warlock,1513,,Arc Energy Capacity,1,Vault,true,false,false,2,6,,7,20,7,11,10,9,64,0,7,20,7,11,10,9,64,0,combatstyle,,Change Energy Type*,*,*,*,*,Dynamic Duo*,,,,,
Synthoceps,241462142,"""6917529748485724963""",,Exotic,Gauntlets,,Titan,1529,,Solar Energy Capacity,1,Vault,true,false,false,1,1,,13,17,3,2,18,10,63,0,13,17,3,2,18,10,63,0,combatstyle,,Change Energy Type*,*,*,*,*,Biotic Enhancements*,,,,,
Astrocyte Verse,3948284065,"""6917529778281260712""",,Exotic,Helmet,,Warlock,1548,,Void Energy Capacity,1,Vault,true,false,false,2,7,,3,16,11,7,14,9,60,0,3,16,11,7,14,9,60,0,combatstyle,,Change Energy Type*,*,*,*,*,Move to Survive*,,,,,
War Mantis,856745412,"""6917529778461098168""",,Rare,Helmet,campaign,Hunter,1548,,Arc Energy Capacity,5,Vault,true,false,false,2,4,,12,6,6,2,6,18,50,0,12,6,6,2,6,18,50,0,,,Upgrade Armor*,*,*,*,*,,,,,,
Mythos Hack 4.1,2159062493,"""6917529778502299744""",,Rare,Helmet,campaign,Hunter,1549,,Void Energy Capacity,5,Vault,true,false,false,2,4,,22,2,2,6,6,10,48,0,22,2,2,6,6,10,48,0,,,Metallic Sunset*,Upgrade Armor*,*,*,*,*,,,,,
Eye of Another World,3381022970,"""6917529787236707872""",,Exotic,Helmet,,Warlock,1549,,Void Energy Capacity,1,Vault,true,false,false,1,1,,6,24,4,6,13,10,63,0,6,24,4,6,13,10,63,0,combatstyle,,Change Energy Type*,*,*,*,*,Cerebral Uplink*,,,,,
Mythos Hack 4.1,1045948748,"""6917529758399805425""",,Rare,Gauntlets,campaign,Hunter,1539,,Arc Energy Capacity,5,Vault,true,false,false,2,4,,11,7,6,8,2,16,50,0,11,7,6,8,2,16,50,0,,,Metallic Sunset*,Upgrade Armor*,*,*,*,*,,,,,
Mythos Hack 4.1,1045948748,"""6917529756893784675""",,Rare,Gauntlets,campaign,Hunter,1534,,Arc Energy Capacity,5,Vault,true,false,false,2,4,,12,2,12,11,2,12,51,0,12,2,12,11,2,12,51,0,,,Metallic Sunset*,Upgrade Armor*,*,*,*,*,,,,,
Nea-Thonis Breather,3124726865,"""6917529789841713759""",,Legendary,Helmet,tangled,Hunter,1553,,Arc Energy Capacity,4,Vault,true,false,false,4,12,,7,6,14,6,16,7,56,0,7,6,14,6,16,7,56,0,combatstyle,,Upgrade Armor*,*,*,*,*,,,,,,
War Mantis Cloak,3437155610,"""6917529748439234206""",infuse,Rare,Hunter Cloak,campaign,Hunter,1527,,Void Energy Capacity,5,Vault,true,false,false,2,4,,0,0,0,0,0,0,0,0,0,0,0,0,0,0,0,0,,,Upgrade Armor*,,,,,,,,,,
Cloak of Retelling,1915498345,"""6917529790913774160""",,Rare,Hunter Cloak,campaign,Hunter,1549,,Solar Energy Capacity,5,Vault,true,false,false,2,4,,0,0,0,0,0,0,0,0,0,0,0,0,0,0,0,0,,,Metallic Sunset*,Upgrade Armor*,,,,,,,,,
BrayTech Combat Vest,3360543264,"""6917529748757498888""",junk,Legendary,Chest Armor,,Hunter,1531,,Arc Energy Capacity,3,Vault,true,false,false,3,10,,12,6,6,12,6,7,49,0,12,6,6,12,6,7,49,0,combatstyle,,Upgrade Armor*,*,*,*,*,,,,,,
Red Moon Phantom Grips,1291141296,"""6917529790896729779""",,Legendary,Gauntlets,legendaryengram,Hunter,1549,,Void Energy Capacity,4,Vault,true,false,false,4,13,,2,6,17,10,2,15,52,0,2,6,17,10,2,15,52,0,combatstyle,,Upgrade Armor*,*,*,*,*,,,,,,
Anti-Extinction Grasps,3470850110,"""6917529790913775106""",,Legendary,Gauntlets,do,Hunter,1550,,Arc Energy Capacity,3,Vault,true,false,false,3,10,,6,8,13,12,8,6,53,0,6,8,13,12,8,6,53,0,combatstyle,,Upgrade Armor*,*,*,*,*,,,,,,
Insight Rover Vest,2808379196,"""6917529790949318046""",,Legendary,Chest Armor,legendaryengram,Hunter,1555,,Void Energy Capacity,1,Vault,true,false,false,3,11,,6,7,13,8,2,17,53,0,6,7,13,8,2,17,53,0,combatstyle,,Change Energy Type*,*,*,*,*,,,,,,
War Mantis,856745412,"""6917529748769880752""",,Rare,Helmet,campaign,Hunter,1530,,Void Energy Capacity,5,Vault,true,false,false,2,4,,6,6,10,8,6,12,48,0,6,6,10,8,6,12,48,0,,,Upgrade Armor*,*,*,*,*,,,,,,
Cloak of Retelling,1915498345,"""6917529748752843872""",,Rare,Hunter Cloak,campaign,Hunter,1528,,Solar Energy Capacity,5,Vault,true,false,false,2,4,,0,0,0,0,0,0,0,0,0,0,0,0,0,0,0,0,,,Metallic Sunset*,Upgrade Armor*,,,,,,,,,
War Mantis,4155348771,"""6917529749862312461""",,Rare,Chest Armor,campaign,Hunter,1531,,Solar Energy Capacity,5,Vault,true,false,false,2,4,,10,6,6,6,10,6,44,0,10,6,6,6,10,6,44,0,,,Upgrade Armor*,*,*,*,*,,,,,,
The Outlander's Cover,1992338980,"""6917529749812192860""",,Rare,Helmet,campaign,Hunter,1529,,Void Energy Capacity,5,Vault,true,false,false,2,4,,7,2,17,2,10,11,49,0,7,2,17,2,10,11,49,0,,,Upgrade Armor*,*,*,*,*,,,,,,
Clutch Extol Strides,1310207471,"""6917529758375110027""",,Legendary,Leg Armor,crucible,Hunter,1539,,Stasis Cost,4,Vault,true,false,false,5,16,,11,6,12,16,7,7,59,0,11,6,12,16,7,7,59,0,combatstyle,,Upgrade Armor*,*,*,*,*,,,,,,
Errant Knight 1.0,3166972772,"""6917529758375109132""",,Legendary,Leg Armor,legendaryengram,Hunter,1545,,Void Energy Capacity,2,Vault,true,true,false,4,12,,2,23,2,2,15,13,57,0,2,23,2,2,15,13,57,0,combatstyle,,Upgrade Armor*,*,*,*,*,,,,,,
Errant Knight 1.0,3166972772,"""6917529758359759114""",,Legendary,Leg Armor,legendaryengram,Hunter,1543,,Solar Energy Capacity,1,Vault,true,false,false,4,12,,7,13,7,6,19,2,54,0,7,13,7,6,19,2,54,0,combatstyle,,Change Energy Type*,*,*,*,*,,,,,,
Memory of Cayde Cloak,4210833117,"""6917529758355436246""",,Legendary,Hunter Cloak,campaign,Hunter,1540,,Solar Energy Capacity,1,Vault,true,false,false,4,12,,0,0,0,0,0,0,0,0,0,0,0,0,0,0,0,0,combatstyle,,Change Energy Type*,,,,,,,,,,
War Mantis,803939997,"""6917529756893788426""",,Rare,Gauntlets,campaign,Hunter,1535,,Arc Energy Capacity,5,Vault,true,false,false,2,4,,16,8,25,0,0,0,49,0,16,8,25,0,0,0,49,0,,,Upgrade Armor*,*,*,*,*,,,,,,
Tangled Web Strides,4154021442,"""6917529749825856670""",,Legendary,Leg Armor,legendaryengram,Hunter,1529,,Void Energy Capacity,4,Vault,true,false,false,4,15,,2,10,13,7,15,6,53,0,2,10,13,7,15,6,53,0,combatstyle,,Upgrade Armor*,*,*,*,*,,,,,,